sequential_site,reference_site,wildtype,mutant,effect,times_seen
104,85,D,Y,-10.3255,1
158,139,C,S,-10.0095,1
505,486,Y,H,-9.7785,1
148,129,G,V,-9.7413,1
205,186,G,*,-8.6856,1
250,231,S,R,-8.6750,1
300,281,C,Y,-8.3923,1
58,39,A,L,-8.3096,1
127,108,L,P,-8.0509,1
138,119,E,G,-7.8891,1
353,334,A,V,-7.7718,2
353,334,A,E,-7.6490,1
274,255,R,S,-7.6360,1
291,272,A,E,-7.5733,1
449,430,A,V,-7.1350,3
31,12,T,F,-7.0046,1
39,20,V,A,-6.9461,1
232,213,V,L,-6.9368,1
326,307,R,*,-6.8447,1
431,412,Y,C,-6.7259,2
523,504,G,C,-6.7256,1
253,234,W,*,-6.7245,2
209,190,D,W,-6.5663,1
444,425,A,V,-6.4676,2
558,539,C,Y,-6.4428,1
371,352,G,S,-6.4077,1
233,214,I,D,-6.2899,1
19,-1,T,I,-6.2852,1
540,521,A,S,-6.1243,1
537,518,I,V,-6.1098,1
415,396,E,*,-6.0588,1
500,481,I,M,-6.0078,2
325,306,P,T,-6.0066,2
194,175,D,Y,-5.8701,1
384,365,A,T,-5.8685,1
268,249,G,V,-5.7219,1
455,436,T,K,-5.6246,1
542,523,S,P,-5.5547,1
490,471,H,Q,-5.5467,1
442,423,Y,*,-5.5068,1
58,39,A,N,-5.4786,2
253,234,W,L,-5.4728,2
98,79,F,V,-5.4517,1
86,67,I,K,-5.4428,4
108,89,E,V,-5.3315,1
88,69,A,D,-5.3199,1
214,195,Y,K,-5.3150,1
201,182,V,F,-5.1971,1
445,426,E,G,-5.1316,1
209,190,D,F,-5.1149,2
374,355,H,Q,-5.0729,2
106,87,F,L,-5.0613,1
31,12,T,E,-5.0563,4
160,141,R,D,-4.9792,2
395,376,Q,R,-4.9618,2
146,127,W,*,-4.9109,1
314,295,Q,K,-4.8952,2
496,477,C,*,-4.8911,1
507,488,H,E,-4.8853,1
277,258,F,L,-4.8806,2
158,139,C,Y,-4.8774,1
482,463,G,E,-4.7994,2
150,131,T,Y,-4.7950,3
268,249,G,W,-4.7912,2
148,129,G,R,-4.7743,1
438,419,D,Y,-4.7713,1
282,263,G,E,-4.6682,1
209,190,D,P,-4.6278,1
471,452,K,M,-4.6183,1
490,471,H,N,-4.6077,2
254,235,T,A,-4.6031,1
273,254,P,T,-4.6020,2
299,280,E,*,-4.5942,1
262,243,L,F,-4.5925,1
224,205,S,Y,-4.5334,1
81,62,G,C,-4.5006,1
68,49,G,C,-4.4850,3
447,428,L,F,-4.4818,1
378,359,E,*,-4.4521,3
429,410,E,D,-4.3879,1
148,129,G,A,-4.3504,1
529,510,G,A,-4.3454,1
334,315,K,E,-4.3332,2
191,172,E,K,-4.2931,1
83,64,C,D,-4.2588,2
304,285,N,D,-4.2429,1
219,200,G,E,-4.2334,1
364,345,G,V,-4.2334,4
487,468,K,E,-4.1555,1
330,311,Q,D,-4.1543,2
52,33,R,*,-4.1253,2
278,259,K,V,-4.0214,3
157,138,S,V,-4.0211,9
523,504,G,*,-4.0187,2
135,116,G,D,-4.0139,2
105,86,L,P,-4.0107,1
560,541,K,E,-4.0055,1
488,469,I,T,-3.9926,1
133,114,S,P,-3.9749,1
137,118,L,P,-3.9749,1
202,183,H,L,-3.9201,6
481,462,M,T,-3.9100,8
190,171,K,P,-3.8937,6
180,161,Y,M,-3.8637,4
161,142,G,V,-3.8501,7
212,193,S,P,-3.7982,2
506,487,D,A,-3.7949,1
135,116,G,C,-3.7901,2
161,142,G,T,-3.7862,8
508,489,N,G,-3.7840,4
92,73,D,G,-3.7448,6
490,471,H,C,-3.7178,1
362,343,W,C,-3.7115,4
191,172,E,V,-3.6838,2
209,190,D,H,-3.6677,5
230,211,Q,K,-3.6443,1
399,380,K,D,-3.6364,2
352,333,G,C,-3.6246,5
446,427,L,F,-3.6161,2
214,195,Y,I,-3.6110,3
370,351,Y,H,-3.5846,1
255,236,I,M,-3.5453,1
424,405,R,G,-3.5280,2
482,463,G,C,-3.5101,2
423,404,G,E,-3.5006,1
408,389,N,K,-3.4717,1
543,524,C,*,-3.4697,1
213,194,L,M,-3.4690,8
357,338,F,L,-3.4431,1
211,192,I,G,-3.4230,15
151,132,Q,C,-3.4182,1
371,352,G,V,-3.3932,1
370,351,Y,*,-3.3883,2
214,195,Y,Q,-3.3599,3
442,423,Y,K,-3.3594,3
555,536,M,I,-3.3582,1
80,61,G,V,-3.3413,3
319,300,I,M,-3.3099,2
483,464,N,V,-3.3094,6
175,156,H,P,-3.3031,3
178,159,Y,I,-3.2778,6
178,159,Y,P,-3.2236,13
479,460,E,T,-3.2139,4
292,273,P,Q,-3.1743,3
163,144,S,W,-3.1546,1
157,138,S,P,-3.1433,3
428,409,L,V,-3.1379,10
174,155,T,S,-3.1257,7
62,43,V,F,-3.1041,1
135,116,G,S,-3.1034,1
364,345,G,R,-3.1034,1
518,499,R,L,-3.1005,2
243,224,R,M,-3.0800,16
506,487,D,K,-3.0776,3
204,185,P,Q,-3.0072,3
18,-2,D,Y,-2.9955,6
236,217,I,V,-2.9841,16
50,31,N,L,-2.9776,11
509,490,V,T,-2.9742,11
222,203,T,V,-2.9592,2
451,432,E,N,-2.9420,11
43,24,T,Q,-2.9368,23
434,415,D,E,-2.9267,2
169,150,R,I,-2.8951,1
407,388,T,P,-2.8923,8
414,395,I,V,-2.8858,1
118,99,P,T,-2.8354,2
209,190,D,Y,-2.8305,8
330,311,Q,N,-2.8304,2
133,114,S,*,-2.7819,9
365,346,M,I,-2.7720,6
405,386,G,*,-2.7645,7
499,480,S,T,-2.7530,14
175,156,H,K,-2.7340,8
402,383,R,Q,-2.7270,4
505,486,Y,F,-2.7258,2
239,220,R,G,-2.7251,7
205,186,G,Q,-2.7244,3
278,259,K,N,-2.7224,1
422,403,E,*,-2.7046,2
31,12,T,Q,-2.6447,1
449,430,A,G,-2.6183,1
245,226,I,T,-2.6038,14
463,444,M,W,-2.6025,3
243,224,R,V,-2.5740,9
236,217,I,D,-2.5732,14
411,392,F,L,-2.5648,4
206,187,T,K,-2.5587,1
469,450,K,A,-2.5543,15
191,172,E,*,-2.5510,3
180,161,Y,F,-2.5485,5
219,200,G,M,-2.5388,6
539,520,F,V,-2.5339,3
150,131,T,P,-2.5203,2
91,72,G,E,-2.5128,1
165,146,S,G,-2.4963,1
519,500,F,A,-2.4941,4
29,10,T,F,-2.4939,3
353,334,A,T,-2.4886,6
153,134,G,V,-2.4870,2
464,445,N,Y,-2.4725,7
539,520,F,L,-2.4636,5
382,363,Q,H,-2.4474,1
63,44,Q,R,-2.4412,6
18,-2,D,G,-2.4246,1
183,164,L,H,-2.4148,9
21,2,K,E,-2.4136,1
23,4,P,C,-2.4035,6
462,443,E,L,-2.4002,10
134,115,S,Y,-2.3859,2
81,62,G,*,-2.3668,3
388,369,S,C,-2.3616,1
185,166,V,M,-2.3535,3
32,13,L,R,-2.3524,1
302,283,T,A,-2.3448,1
511,492,R,S,-2.3376,3
238,219,S,Q,-2.3364,33
322,303,G,R,-2.3349,2
352,333,G,D,-2.3335,1
557,538,A,E,-2.2998,11
49,30,T,*,-2.2904,1
180,161,Y,W,-2.2831,10
236,217,I,E,-2.2720,14
468,449,E,Y,-2.2718,13
163,144,S,P,-2.2699,2
31,12,T,L,-2.2658,1
362,343,W,L,-2.2603,6
448,429,V,T,-2.2508,8
517,498,N,R,-2.2482,11
192,173,Q,I,-2.2467,14
24,5,G,W,-2.2350,18
74,55,P,H,-2.2313,3
355,336,A,V,-2.2185,1
133,114,S,D,-2.2155,2
186,167,T,N,-2.2153,2
506,487,D,Q,-2.2054,3
209,190,D,M,-2.1962,3
397,378,N,S,-2.1801,8
409,390,E,F,-2.1779,8
214,195,Y,E,-2.1701,6
212,193,S,Q,-2.1696,33
128,109,R,S,-2.1441,3
161,142,G,I,-2.1435,4
340,321,R,L,-2.1364,2
506,487,D,L,-2.1267,2
159,140,I,N,-2.1230,18
219,200,G,V,-2.1035,1
212,193,S,*,-2.1023,11
157,138,S,E,-2.0962,8
468,449,E,S,-2.0957,13
161,142,G,C,-2.0909,4
324,305,C,Y,-2.0903,1
384,365,A,Q,-2.0796,4
325,306,P,H,-2.0734,2
449,430,A,S,-2.0686,15
54,35,E,D,-2.0608,18
491,472,K,N,-2.0577,14
507,488,H,S,-2.0489,7
422,403,E,D,-2.0403,3
192,173,Q,L,-2.0195,12
147,128,A,F,-2.0179,4
37,18,H,N,-2.0179,7
402,383,R,*,-2.0152,4
157,138,S,M,-2.0064,22
102,83,K,I,-1.9902,3
65,46,S,H,-1.9889,15
248,229,R,G,-1.9766,18
199,180,W,L,-1.9742,1
63,44,Q,D,-1.9736,4
405,386,G,K,-1.9656,14
520,501,Q,E,-1.9592,5
236,217,I,F,-1.9573,11
290,271,D,N,-1.9567,11
59,40,T,S,-1.9407,1
345,326,K,E,-1.9381,3
209,190,D,C,-1.9324,3
152,133,N,S,-1.9304,11
215,196,A,-,-1.9271,1
56,37,T,N,-1.9261,3
344,325,E,*,-1.9259,3
217,198,S,W,-1.9256,25
429,410,E,T,-1.9245,1
154,135,K,W,-1.9209,3
214,195,Y,F,-1.9180,3
209,190,D,I,-1.9166,8
299,280,E,N,-1.9151,17
237,218,G,P,-1.9127,13
216,197,Q,L,-1.9109,38
540,521,A,D,-1.9073,2
161,142,G,K,-1.8868,13
214,195,Y,H,-1.8854,3
132,113,A,S,-1.8842,3
409,390,E,*,-1.8826,6
214,195,Y,G,-1.8780,2
330,311,Q,G,-1.8685,10
294,275,G,D,-1.8471,6
434,415,D,N,-1.8443,1
157,138,S,W,-1.8403,9
333,314,L,P,-1.8390,1
118,99,P,A,-1.8343,1
150,131,T,C,-1.8282,3
547,528,C,F,-1.8216,1
343,324,P,S,-1.8121,2
242,223,I,L,-1.8084,17
150,131,T,I,-1.8061,28
24,5,G,R,-1.8025,43
346,327,Q,K,-1.7978,13
118,99,P,H,-1.7941,4
221,202,I,T,-1.7910,13
453,434,Q,E,-1.7897,12
29,10,T,G,-1.7777,5
503,484,E,P,-1.7726,1
369,350,W,*,-1.7714,6
209,190,D,S,-1.7697,19
420,401,E,T,-1.7608,13
507,488,H,P,-1.7571,6
218,199,S,M,-1.7545,16
51,32,D,W,-1.7543,4
41,22,N,R,-1.7449,8
75,56,H,W,-1.7388,15
425,406,V,T,-1.7356,10
499,480,S,M,-1.7281,3
177,158,N,D,-1.7247,15
69,50,E,W,-1.7233,10
431,412,Y,M,-1.7103,14
523,504,G,F,-1.7077,8
379,360,G,*,-1.7031,7
131,112,V,I,-1.6914,16
212,193,S,I,-1.6912,14
163,144,S,A,-1.6862,13
319,300,I,A,-1.6833,9
308,289,P,S,-1.6832,38
157,138,S,N,-1.6817,23
294,275,G,C,-1.6793,27
94,75,Q,K,-1.6732,12
142,123,E,*,-1.6704,3
64,45,N,V,-1.6665,10
310,291,D,M,-1.6543,11
140,121,K,G,-1.6397,5
20,1,Q,H,-1.6388,5
367,348,D,Y,-1.6376,2
442,423,Y,C,-1.6376,2
26,7,D,Q,-1.6338,10
122,103,P,S,-1.6316,52
102,83,K,C,-1.6272,11
241,222,R,D,-1.6265,2
115,96,N,G,-1.6231,10
507,488,H,A,-1.6179,7
138,119,E,*,-1.6126,11
490,471,H,R,-1.6082,2
504,485,T,N,-1.6027,1
323,304,A,M,-1.5891,19
245,226,I,S,-1.5813,6
133,114,S,W,-1.5763,3
544,525,F,L,-1.5742,7
175,156,H,M,-1.5687,3
212,193,S,W,-1.5655,2
473,454,Q,A,-1.5605,14
427,408,D,E,-1.5545,2
111,92,R,P,-1.5528,8
458,439,L,W,-1.5510,19
460,441,D,Y,-1.5497,3
375,356,Q,K,-1.5483,40
322,303,G,W,-1.5466,1
398,379,G,S,-1.5456,4
222,203,T,A,-1.5452,9
516,497,N,D,-1.5425,15
425,406,V,W,-1.5408,6
421,402,V,H,-1.5352,16
491,472,K,A,-1.5285,15
150,131,T,H,-1.5089,7
305,286,G,*,-1.4987,3
491,472,K,V,-1.4905,14
435,416,T,E,-1.4870,21
281,262,S,I,-1.4815,4
28,9,S,W,-1.4723,5
395,376,Q,M,-1.4707,18
211,192,I,D,-1.4646,35
345,326,K,G,-1.4639,8
209,190,D,G,-1.4633,20
309,290,N,T,-1.4632,15
499,480,S,R,-1.4625,6
64,45,N,C,-1.4587,11
350,331,I,M,-1.4538,18
350,331,I,F,-1.4460,17
164,145,S,H,-1.4423,7
157,138,S,C,-1.4417,12
475,456,R,K,-1.4410,1
215,196,A,N,-1.4370,11
157,138,S,K,-1.4297,17
25,6,N,K,-1.4245,27
310,291,D,H,-1.4230,16
176,157,L,H,-1.4181,14
343,324,P,K,-1.4179,23
280,261,R,C,-1.4141,11
400,381,L,Y,-1.4104,6
457,438,D,H,-1.4099,16
154,135,K,A,-1.4099,40
429,410,E,K,-1.4096,1
515,496,L,R,-1.4087,13
154,135,K,M,-1.4087,29
22,3,I,L,-1.4040,27
522,503,K,F,-1.4024,14
310,291,D,Y,-1.3972,14
459,440,T,L,-1.3939,27
134,115,S,L,-1.3931,21
215,196,A,S,-1.3877,21
81,62,G,A,-1.3838,18
141,122,N,H,-1.3809,28
491,472,K,T,-1.3808,16
330,311,Q,Y,-1.3787,20
40,21,P,H,-1.3774,22
343,324,P,M,-1.3756,32
345,326,K,F,-1.3715,51
309,290,N,V,-1.3694,12
549,530,A,V,-1.3672,2
174,155,T,H,-1.3665,2
357,338,F,S,-1.3665,1
121,102,V,M,-1.3644,2
50,31,N,K,-1.3526,26
205,186,G,T,-1.3446,11
516,497,N,W,-1.3442,14
176,157,L,N,-1.3431,31
23,4,P,E,-1.3319,28
334,315,K,M,-1.3316,16
179,160,T,C,-1.3282,5
408,389,N,T,-1.3272,13
22,3,I,E,-1.3261,15
458,439,L,A,-1.3243,25
110,91,S,P,-1.3234,26
278,259,K,P,-1.3206,15
28,9,S,I,-1.3176,35
450,431,L,Y,-1.3161,9
176,157,L,G,-1.3140,16
163,144,S,T,-1.3112,49
192,173,Q,W,-1.3075,10
43,24,T,F,-1.3031,16
219,200,G,*,-1.3029,7
345,326,K,P,-1.3026,8
495,476,A,Q,-1.3013,15
506,487,D,I,-1.2970,3
259,240,G,*,-1.2960,1
241,222,R,N,-1.2946,11
491,472,K,G,-1.2935,6
421,402,V,T,-1.2907,16
133,114,S,N,-1.2898,11
234,215,P,N,-1.2886,15
191,172,E,G,-1.2841,13
66,47,S,M,-1.2826,8
299,280,E,H,-1.2825,19
229,210,Q,I,-1.2797,20
68,49,G,Y,-1.2790,14
245,226,I,N,-1.2789,24
190,171,K,C,-1.2776,10
346,327,Q,A,-1.2676,32
178,159,Y,*,-1.2644,59
320,301,T,I,-1.2644,2
154,135,K,D,-1.2592,6
495,476,A,I,-1.2554,11
557,538,A,S,-1.2535,5
298,279,S,D,-1.2478,20
485,466,C,W,-1.2472,4
329,310,K,L,-1.2453,11
212,193,S,K,-1.2399,19
73,54,S,H,-1.2394,29
498,479,G,*,-1.2390,2
243,224,R,S,-1.2331,24
522,503,K,G,-1.2319,17
124,105,Y,H,-1.2316,1
212,193,S,V,-1.2314,7
383,364,A,T,-1.2266,3
266,247,S,F,-1.2232,11
503,484,E,D,-1.2200,10
65,46,S,R,-1.2103,9
377,358,S,F,-1.2095,20
226,207,K,G,-1.2093,31
178,159,Y,C,-1.2084,12
67,48,I,V,-1.1993,28
473,454,Q,F,-1.1941,7
512,493,D,G,-1.1926,12
419,400,S,Y,-1.1884,18
461,442,S,D,-1.1874,17
388,369,S,A,-1.1787,42
398,379,G,R,-1.1773,15
297,278,K,Y,-1.1760,27
310,291,D,Q,-1.1756,15
236,217,I,M,-1.1728,12
25,6,N,A,-1.1705,16
297,278,K,S,-1.1704,13
190,171,K,G,-1.1688,13
81,62,G,M,-1.1683,16
265,246,N,K,-1.1675,2
551,532,L,P,-1.1668,1
408,389,N,Q,-1.1660,15
375,356,Q,M,-1.1620,42
480,461,D,I,-1.1572,13
299,280,E,S,-1.1541,32
559,540,Q,*,-1.1520,1
220,201,R,E,-1.1501,19
50,31,N,T,-1.1475,12
446,427,L,T,-1.1473,20
58,39,A,T,-1.1459,5
495,476,A,K,-1.1446,13
241,222,R,S,-1.1422,25
401,382,N,S,-1.1379,20
523,504,G,T,-1.1367,12
122,103,P,A,-1.1356,60
420,401,E,G,-1.1342,23
508,489,N,Y,-1.1335,15
250,231,S,I,-1.1335,13
495,476,A,H,-1.1333,20
509,490,V,Y,-1.1327,12
73,54,S,Y,-1.1304,29
162,143,S,N,-1.1298,16
73,54,S,T,-1.1282,15
523,504,G,H,-1.1273,13
133,114,S,H,-1.1267,15
143,124,S,M,-1.1234,35
120,101,D,G,-1.1205,1
143,124,S,G,-1.1186,44
407,388,T,K,-1.1186,1
291,272,A,T,-1.1171,7
212,193,S,C,-1.1156,6
446,427,L,Q,-1.1154,15
44,25,I,R,-1.1135,15
151,132,Q,V,-1.1096,2
140,121,K,*,-1.1066,16
70,51,I,L,-1.1059,14
461,442,S,Y,-1.1043,16
405,386,G,R,-1.1036,7
67,48,I,E,-1.1008,23
321,302,Y,F,-1.1002,61
245,226,I,F,-1.0952,16
215,196,A,P,-1.0947,5
26,7,D,C,-1.0941,13
29,10,T,M,-1.0938,24
294,275,G,R,-1.0923,40
280,261,R,H,-1.0923,76
454,435,H,Q,-1.0896,32
522,503,K,T,-1.0886,16
40,21,P,W,-1.0866,7
233,214,I,H,-1.0852,22
342,323,V,A,-1.0834,2
410,391,K,M,-1.0833,17
94,75,Q,E,-1.0822,40
326,307,R,P,-1.0788,14
183,164,L,F,-1.0770,13
150,131,T,E,-1.0745,7
491,472,K,E,-1.0743,31
262,243,L,I,-1.0743,1
233,214,I,F,-1.0736,32
22,3,I,K,-1.0736,16
179,160,T,D,-1.0733,35
299,280,E,D,-1.0728,29
217,198,S,G,-1.0723,57
76,57,Q,*,-1.0712,2
179,160,T,Y,-1.0688,20
405,386,G,T,-1.0683,18
471,452,K,E,-1.0662,10
331,312,N,P,-1.0652,10
514,495,A,S,-1.0640,1
464,445,N,K,-1.0640,14
69,50,E,H,-1.0637,26
517,498,N,I,-1.0621,1
296,277,C,Y,-1.0593,1
449,430,A,M,-1.0584,25
487,468,K,F,-1.0574,22
467,448,F,E,-1.0566,2
266,247,S,N,-1.0549,1
397,378,N,R,-1.0525,12
101,82,K,A,-1.0500,79
543,524,C,F,-1.0486,2
236,217,I,L,-1.0485,18
319,300,I,T,-1.0475,21
44,25,I,K,-1.0439,11
163,144,S,H,-1.0431,36
102,83,K,L,-1.0421,4
342,323,V,M,-1.0413,13
390,371,Q,T,-1.0406,19
329,310,K,I,-1.0401,29
179,160,T,L,-1.0372,47
383,364,A,E,-1.0366,1
212,193,S,Y,-1.0321,21
471,452,K,R,-1.0300,20
280,261,R,Y,-1.0292,58
63,44,Q,T,-1.0281,21
215,196,A,E,-1.0232,3
26,7,D,K,-1.0208,7
408,389,N,G,-1.0153,11
331,312,N,M,-1.0152,19
421,402,V,R,-1.0144,13
84,65,T,K,-1.0139,1
133,114,S,E,-1.0122,5
417,398,E,G,-1.0096,1
299,280,E,G,-1.0088,19
347,328,T,D,-1.0085,42
364,345,G,C,-1.0060,16
53,34,I,L,-1.0059,38
24,5,G,F,-1.0042,19
238,219,S,G,-1.0027,18
190,171,K,L,-1.0007,31
31,12,T,A,-0.9999,1
469,450,K,Y,-0.9982,9
18,-2,D,N,-0.9972,1
417,398,E,D,-0.9954,22
491,472,K,R,-0.9928,24
23,4,P,M,-0.9921,22
176,157,L,D,-0.9906,37
113,94,Y,A,-0.9842,21
338,319,G,*,-0.9835,14
512,493,D,P,-0.9817,6
72,53,D,N,-0.9809,25
421,402,V,K,-0.9792,18
250,231,S,V,-0.9770,6
26,7,D,P,-0.9755,7
483,464,N,T,-0.9753,10
99,80,Q,E,-0.9751,66
243,224,R,I,-0.9734,14
387,368,K,S,-0.9723,36
472,453,K,V,-0.9697,14
353,334,A,L,-0.9689,22
159,140,I,K,-0.9685,38
547,528,C,*,-0.9665,1
261,242,I,V,-0.9662,20
38,19,A,V,-0.9639,16
220,201,R,F,-0.9607,32
522,503,K,I,-0.9601,12
26,7,D,F,-0.9599,14
64,45,N,I,-0.9561,18
535,516,L,P,-0.9525,6
63,44,Q,L,-0.9522,20
163,144,S,G,-0.9491,45
216,197,Q,A,-0.9472,26
257,238,K,R,-0.9470,23
69,50,E,Y,-0.9429,25
343,324,P,N,-0.9394,7
462,443,E,Q,-0.9390,18
243,224,R,E,-0.9383,16
220,201,R,M,-0.9380,34
102,83,K,A,-0.9374,23
394,375,D,A,-0.9356,27
202,183,H,W,-0.9354,1
506,487,D,N,-0.9345,7
488,469,I,N,-0.9344,1
59,40,T,E,-0.9335,8
22,3,I,S,-0.9329,7
295,276,K,M,-0.9296,17
375,356,Q,E,-0.9288,56
400,381,L,V,-0.9281,28
143,124,S,R,-0.9272,43
495,476,A,T,-0.9271,21
50,31,N,Q,-0.9246,16
331,312,N,G,-0.9245,18
102,83,K,D,-0.9229,24
508,489,N,F,-0.9228,8
27,8,N,M,-0.9228,37
345,326,K,*,-0.9212,6
202,183,H,E,-0.9201,2
147,128,A,M,-0.9199,13
249,230,I,V,-0.9180,14
243,224,R,Q,-0.9180,20
326,307,R,I,-0.9174,37
426,407,Q,R,-0.9152,5
442,423,Y,H,-0.9143,2
423,404,G,*,-0.9135,10
294,275,G,S,-0.9134,12
395,376,Q,L,-0.9129,24
375,356,Q,Y,-0.9121,28
180,161,Y,H,-0.9120,6
410,391,K,R,-0.9093,29
358,339,I,V,-0.9083,3
421,402,V,Q,-0.9031,24
429,410,E,M,-0.9028,40
320,301,T,A,-0.9026,48
299,280,E,W,-0.8999,2
532,513,D,Y,-0.8975,3
528,509,S,*,-0.8947,2
140,121,K,S,-0.8899,69
299,280,E,F,-0.8895,9
208,189,K,H,-0.8875,28
386,367,L,V,-0.8868,21
239,220,R,C,-0.8864,10
64,45,N,K,-0.8848,14
150,131,T,*,-0.8846,3
67,48,I,A,-0.8828,35
386,367,L,H,-0.8812,67
220,201,R,Q,-0.8807,38
63,44,Q,M,-0.8803,10
295,276,K,T,-0.8779,29
175,156,H,E,-0.8770,10
294,275,G,V,-0.8735,32
326,307,R,F,-0.8715,23
464,445,N,A,-0.8705,14
28,9,S,E,-0.8700,11
420,401,E,V,-0.8650,6
323,304,A,L,-0.8649,12
409,390,E,H,-0.8630,10
281,262,S,P,-0.8624,25
279,260,I,V,-0.8616,23
178,159,Y,M,-0.8607,58
520,501,Q,N,-0.8576,13
421,402,V,F,-0.8574,20
188,169,P,Q,-0.8560,9
129,110,S,L,-0.8510,4
209,190,D,R,-0.8505,4
216,197,Q,I,-0.8491,35
101,82,K,M,-0.8457,1
241,222,R,E,-0.8454,9
222,203,T,I,-0.8451,11
409,390,E,Y,-0.8447,9
472,453,K,F,-0.8432,23
190,171,K,W,-0.8431,11
315,296,N,S,-0.8422,24
162,143,S,Y,-0.8417,8
190,171,K,S,-0.8390,52
50,31,N,C,-0.8387,6
216,197,Q,N,-0.8386,42
164,145,S,I,-0.8357,3
250,231,S,T,-0.8326,32
297,278,K,A,-0.8308,13
48,29,I,P,-0.8301,13
522,503,K,H,-0.8277,12
453,434,Q,T,-0.8273,32
429,410,E,I,-0.8243,15
237,218,G,I,-0.8187,60
179,160,T,F,-0.8187,21
67,48,I,W,-0.8177,17
506,487,D,R,-0.8155,4
516,497,N,H,-0.8146,26
162,143,S,M,-0.8140,19
49,30,T,Q,-0.8131,19
38,19,A,S,-0.8128,59
323,304,A,G,-0.8119,1
330,311,Q,L,-0.8086,53
516,497,N,R,-0.8053,22
23,4,P,I,-0.8041,49
157,138,S,G,-0.8012,9
46,27,K,Q,-0.7995,29
43,24,T,K,-0.7960,19
494,475,N,D,-0.7950,31
154,135,K,E,-0.7943,40
373,354,R,S,-0.7925,2
535,516,L,I,-0.7919,15
227,208,R,H,-0.7916,50
140,121,K,A,-0.7910,20
44,25,I,F,-0.7908,10
141,122,N,A,-0.7857,18
65,46,S,F,-0.7831,16
405,386,G,F,-0.7803,23
157,138,S,L,-0.7794,30
326,307,R,V,-0.7789,10
375,356,Q,F,-0.7786,29
120,101,D,Y,-0.7775,1
469,450,K,R,-0.7772,15
169,150,R,K,-0.7772,28
218,199,S,W,-0.7763,9
419,400,S,V,-0.7763,10
377,358,S,N,-0.7751,30
72,53,D,S,-0.7747,26
193,174,F,H,-0.7746,44
57,38,N,K,-0.7742,40
190,171,K,V,-0.7690,22
522,503,K,R,-0.7686,19
391,372,A,R,-0.7684,13
509,490,V,Q,-0.7677,16
469,450,K,M,-0.7662,14
161,142,G,*,-0.7635,23
56,37,T,V,-0.7635,25
257,238,K,A,-0.7612,21
410,391,K,G,-0.7599,17
22,3,I,P,-0.7597,15
162,143,S,Q,-0.7595,7
209,190,D,L,-0.7587,18
111,92,R,K,-0.7586,126
65,46,S,M,-0.7579,19
410,391,K,E,-0.7569,15
508,489,N,S,-0.7565,7
207,188,D,H,-0.7554,28
518,499,R,W,-0.7535,2
191,172,E,Q,-0.7535,12
423,404,G,N,-0.7520,19
458,439,L,I,-0.7516,6
163,144,S,L,-0.7490,21
405,386,G,P,-0.7485,21
380,361,R,K,-0.7484,25
81,62,G,T,-0.7463,3
352,333,G,A,-0.7460,39
235,216,N,S,-0.7459,36
125,106,A,L,-0.7451,15
155,136,S,T,-0.7451,11
192,173,Q,V,-0.7448,6
44,25,I,S,-0.7448,14
113,94,Y,I,-0.7417,33
288,269,R,M,-0.7402,33
422,403,E,Q,-0.7387,24
243,224,R,Y,-0.7374,15
472,453,K,A,-0.7337,19
36,17,H,R,-0.7330,6
313,294,F,L,-0.7320,4
246,227,P,V,-0.7320,13
281,262,S,K,-0.7315,44
330,311,Q,*,-0.7299,30
396,377,I,V,-0.7293,23
43,24,T,E,-0.7271,19
51,32,D,H,-0.7265,15
430,411,K,T,-0.7255,48
159,140,I,Q,-0.7251,14
398,379,G,E,-0.7246,22
522,503,K,Q,-0.7236,32
380,361,R,N,-0.7233,29
392,373,A,C,-0.7220,21
27,8,N,A,-0.7220,17
65,46,S,V,-0.7211,18
398,379,G,K,-0.7198,7
468,449,E,L,-0.7194,12
30,11,A,E,-0.7194,1
233,214,I,M,-0.7177,47
310,291,D,T,-0.7149,6
450,431,L,F,-0.7119,8
113,94,Y,D,-0.7118,11
437,418,I,M,-0.7092,3
349,330,G,A,-0.7046,20
183,164,L,I,-0.7033,32
472,453,K,R,-0.7023,15
407,388,T,A,-0.7014,16
215,196,A,D,-0.7006,8
280,261,R,E,-0.7005,16
182,163,A,W,-0.7002,20
464,445,N,S,-0.6997,21
398,379,G,M,-0.6983,17
211,192,I,W,-0.6979,9
41,22,N,T,-0.6970,13
153,134,G,H,-0.6969,6
245,226,I,H,-0.6966,19
292,273,P,S,-0.6960,1
489,470,Y,K,-0.6949,5
235,216,N,Y,-0.6937,41
125,106,A,N,-0.6922,20
495,476,A,W,-0.6902,6
161,142,G,R,-0.6888,29
134,115,S,F,-0.6886,1
464,445,N,I,-0.6882,9
503,484,E,G,-0.6877,69
401,382,N,R,-0.6866,23
157,138,S,T,-0.6861,40
425,406,V,Y,-0.6840,12
281,262,S,G,-0.6829,35
501,482,R,Q,-0.6809,33
217,198,S,I,-0.6800,47
394,375,D,T,-0.6799,32
291,272,A,L,-0.6792,16
478,459,A,D,-0.6788,1
556,537,W,L,-0.6787,14
161,142,G,W,-0.6784,6
222,203,T,S,-0.6774,42
50,31,N,R,-0.6772,17
150,131,T,L,-0.6769,33
65,46,S,K,-0.6765,18
420,401,E,K,-0.6762,22
495,476,A,G,-0.6746,17
228,209,S,I,-0.6744,4
122,103,P,Y,-0.6744,39
111,92,R,I,-0.6743,63
53,34,I,N,-0.6736,10
468,449,E,M,-0.6726,20
215,196,A,T,-0.6723,8
354,335,I,V,-0.6678,19
421,402,V,I,-0.6672,18
388,369,S,T,-0.6635,39
102,83,K,*,-0.6628,11
298,279,S,I,-0.6558,48
319,300,I,D,-0.6549,49
178,159,Y,L,-0.6544,56
209,190,D,E,-0.6525,27
281,262,S,A,-0.6518,17
388,369,S,G,-0.6511,4
363,344,E,C,-0.6505,27
107,88,V,L,-0.6500,24
140,121,K,I,-0.6490,86
323,304,A,H,-0.6476,29
31,12,T,C,-0.6474,1
419,400,S,Q,-0.6473,13
192,173,Q,F,-0.6470,8
350,331,I,L,-0.6461,6
52,33,R,M,-0.6456,24
141,122,N,I,-0.6446,40
212,193,S,F,-0.6442,41
234,215,P,F,-0.6415,7
226,207,K,Q,-0.6414,47
402,383,R,A,-0.6390,17
29,10,T,W,-0.6369,14
181,162,P,Q,-0.6332,3
436,417,K,T,-0.6325,18
192,173,Q,N,-0.6320,27
559,540,Q,R,-0.6309,5
235,216,N,I,-0.6304,44
150,131,T,G,-0.6302,4
498,479,G,C,-0.6297,8
473,454,Q,K,-0.6296,12
82,63,N,D,-0.6287,20
297,278,K,V,-0.6285,24
141,122,N,Y,-0.6261,83
377,358,S,Q,-0.6258,34
41,22,N,L,-0.6238,8
161,142,G,H,-0.6234,21
110,91,S,R,-0.6233,1
407,388,T,Q,-0.6232,9
522,503,K,M,-0.6225,24
390,371,Q,S,-0.6219,30
428,409,L,I,-0.6212,36
157,138,S,F,-0.6196,11
283,264,K,T,-0.6188,17
73,54,S,K,-0.6183,14
395,376,Q,I,-0.6181,34
424,405,R,*,-0.6174,1
178,159,Y,A,-0.6157,63
76,57,Q,F,-0.6155,32
218,199,S,T,-0.6148,27
229,210,Q,E,-0.6122,42
411,392,F,S,-0.6122,14
464,445,N,D,-0.6115,2
294,275,G,T,-0.6094,29
190,171,K,M,-0.6090,13
212,193,S,N,-0.6089,84
222,203,T,Q,-0.6084,21
501,482,R,L,-0.6061,39
227,208,R,S,-0.6040,27
533,514,W,*,-0.6035,1
386,367,L,M,-0.6030,26
507,488,H,N,-0.6029,2
217,198,S,C,-0.6028,21
66,47,S,Y,-0.6012,33
181,162,P,D,-0.6003,10
363,344,E,T,-0.5995,19
111,92,R,C,-0.5969,6
391,372,A,C,-0.5960,31
399,380,K,G,-0.5955,14
117,98,Y,*,-0.5950,1
462,443,E,K,-0.5942,9
112,93,A,S,-0.5938,16
150,131,T,V,-0.5926,26
46,27,K,M,-0.5920,16
538,519,S,Y,-0.5919,1
192,173,Q,K,-0.5914,27
192,173,Q,C,-0.5894,11
110,91,S,E,-0.5891,11
523,504,G,R,-0.5891,19
205,186,G,N,-0.5891,50
115,96,N,K,-0.5833,1
329,310,K,N,-0.5829,38
39,20,V,I,-0.5820,8
540,521,A,T,-0.5811,7
162,143,S,W,-0.5789,10
398,379,G,N,-0.5772,27
101,82,K,E,-0.5757,47
43,24,T,V,-0.5749,17
182,163,A,L,-0.5745,25
75,56,H,N,-0.5721,7
491,472,K,M,-0.5717,13
522,503,K,W,-0.5692,14
294,275,G,L,-0.5690,11
387,368,K,R,-0.5687,75
216,197,Q,M,-0.5663,25
69,50,E,*,-0.5651,2
495,476,A,D,-0.5642,37
486,467,F,L,-0.5639,18
280,261,R,A,-0.5634,57
386,367,L,A,-0.5619,24
76,57,Q,M,-0.5608,31
227,208,R,Y,-0.5600,21
26,7,D,I,-0.5550,10
342,323,V,K,-0.5539,31
182,163,A,F,-0.5536,44
179,160,T,V,-0.5530,50
380,361,R,G,-0.5520,33
281,262,S,R,-0.5519,24
298,279,S,V,-0.5494,12
102,83,K,E,-0.5491,50
154,135,K,V,-0.5490,38
178,159,Y,G,-0.5487,113
366,347,V,I,-0.5481,60
72,53,D,E,-0.5472,33
257,238,K,P,-0.5464,16
41,22,N,K,-0.5460,22
29,10,T,A,-0.5459,6
489,470,Y,W,-0.5449,21
399,380,K,Q,-0.5439,11
239,220,R,F,-0.5409,29
398,379,G,T,-0.5404,37
50,31,N,I,-0.5393,13
176,157,L,Q,-0.5390,32
323,304,A,R,-0.5378,28
400,381,L,F,-0.5350,18
26,7,D,S,-0.5347,12
27,8,N,Q,-0.5345,10
509,490,V,L,-0.5343,15
192,173,Q,G,-0.5319,19
211,192,I,E,-0.5309,41
516,497,N,T,-0.5306,20
227,208,R,D,-0.5294,23
212,193,S,T,-0.5292,71
211,192,I,P,-0.5288,7
231,212,A,V,-0.5284,53
31,12,T,Y,-0.5281,10
51,32,D,I,-0.5273,9
205,186,G,K,-0.5256,28
278,259,K,R,-0.5252,49
220,201,R,T,-0.5249,53
498,479,G,E,-0.5238,25
387,368,K,F,-0.5232,42
28,9,S,H,-0.5224,10
503,484,E,F,-0.5218,14
38,19,A,E,-0.5158,1
176,157,L,A,-0.5151,32
190,171,K,F,-0.5148,16
509,490,V,G,-0.5146,2
227,208,R,V,-0.5126,26
343,324,P,H,-0.5122,26
509,490,V,W,-0.5115,7
179,160,T,E,-0.5112,60
23,4,P,H,-0.5093,32
241,222,R,P,-0.5091,19
416,397,K,D,-0.5078,9
512,493,D,L,-0.5074,20
190,171,K,Q,-0.5066,50
37,18,H,Y,-0.5065,22
516,497,N,L,-0.5064,15
179,160,T,G,-0.5047,37
331,312,N,Q,-0.5043,32
222,203,T,H,-0.5039,24
147,128,A,H,-0.5030,11
217,198,S,*,-0.5021,39
239,220,R,E,-0.4999,19
51,32,D,N,-0.4998,13
41,22,N,W,-0.4993,2
50,31,N,W,-0.4984,8
219,200,G,A,-0.4978,19
297,278,K,F,-0.4973,28
63,44,Q,A,-0.4971,15
246,227,P,M,-0.4971,30
25,6,N,H,-0.4963,31
201,182,V,I,-0.4947,3
97,78,G,S,-0.4944,26
217,198,S,A,-0.4936,45
176,157,L,Y,-0.4929,28
72,53,D,A,-0.4915,11
419,400,S,L,-0.4915,21
294,275,G,H,-0.4914,16
24,5,G,I,-0.4912,38
419,400,S,E,-0.4904,21
283,264,K,Q,-0.4895,27
303,284,P,A,-0.4889,16
421,402,V,L,-0.4885,11
25,6,N,Q,-0.4883,25
295,276,K,N,-0.4872,58
280,261,R,K,-0.4864,69
263,244,L,C,-0.4861,38
480,461,D,C,-0.4858,2
126,107,S,Y,-0.4849,16
208,189,K,D,-0.4849,26
220,201,R,V,-0.4844,26
329,310,K,V,-0.4842,16
143,124,S,K,-0.4840,23
208,189,K,V,-0.4839,61
125,106,A,H,-0.4815,20
94,75,Q,H,-0.4811,104
319,300,I,W,-0.4808,41
499,480,S,E,-0.4805,16
498,479,G,W,-0.4805,19
187,168,M,Q,-0.4804,14
125,106,A,S,-0.4793,32
50,31,N,F,-0.4779,12
209,190,D,K,-0.4778,3
405,386,G,S,-0.4771,24
281,262,S,N,-0.4761,44
489,470,Y,H,-0.4756,17
523,504,G,W,-0.4738,16
205,186,G,H,-0.4733,37
382,363,Q,Y,-0.4726,19
419,400,S,A,-0.4720,27
143,124,S,P,-0.4712,32
513,494,E,I,-0.4684,7
75,56,H,F,-0.4677,33
246,227,P,S,-0.4673,32
205,186,G,M,-0.4665,30
101,82,K,R,-0.4662,28
212,193,S,G,-0.4656,42
401,382,N,K,-0.4656,24
261,242,I,A,-0.4642,45
377,358,S,T,-0.4627,40
40,21,P,L,-0.4615,25
157,138,S,R,-0.4614,23
406,387,K,Q,-0.4610,21
428,409,L,F,-0.4606,1
465,446,K,N,-0.4598,27
175,156,H,N,-0.4574,8
238,219,S,K,-0.4573,31
24,5,G,N,-0.4564,26
154,135,K,I,-0.4554,13
211,192,I,A,-0.4532,44
68,49,G,R,-0.4518,10
60,41,E,K,-0.4503,1
519,500,F,L,-0.4496,23
28,9,S,M,-0.4495,12
516,497,N,A,-0.4493,11
297,278,K,D,-0.4490,18
154,135,K,T,-0.4488,123
177,158,N,E,-0.4481,11
404,385,I,L,-0.4475,21
190,171,K,A,-0.4463,21
420,401,E,W,-0.4456,11
50,31,N,A,-0.4455,19
154,135,K,Y,-0.4452,7
475,456,R,M,-0.4443,21
391,372,A,K,-0.4441,10
72,53,D,G,-0.4439,17
348,329,R,K,-0.4436,44
544,525,F,S,-0.4425,1
92,73,D,A,-0.4403,24
331,312,N,R,-0.4399,21
56,37,T,M,-0.4386,20
111,92,R,N,-0.4376,59
509,490,V,K,-0.4373,7
99,80,Q,M,-0.4371,39
96,77,D,G,-0.4371,2
237,218,G,S,-0.4364,18
115,96,N,A,-0.4354,13
395,376,Q,A,-0.4354,19
113,94,Y,H,-0.4343,39
512,493,D,E,-0.4338,9
65,46,S,T,-0.4329,17
461,442,S,N,-0.4325,16
120,101,D,V,-0.4313,26
473,454,Q,V,-0.4307,16
550,531,L,P,-0.4286,2
73,54,S,M,-0.4281,39
50,31,N,V,-0.4281,17
392,373,A,S,-0.4280,21
345,326,K,V,-0.4272,31
511,492,R,N,-0.4265,2
226,207,K,R,-0.4264,34
209,190,D,N,-0.4236,22
76,57,Q,N,-0.4230,49
510,491,Y,F,-0.4203,4
235,216,N,R,-0.4201,80
519,500,F,Y,-0.4201,20
468,449,E,A,-0.4198,20
25,6,N,T,-0.4196,31
472,453,K,S,-0.4184,13
432,413,V,M,-0.4175,11
402,383,R,G,-0.4171,20
83,64,C,Y,-0.4167,1
476,457,E,G,-0.4167,1
358,339,I,L,-0.4138,34
472,453,K,I,-0.4137,20
393,374,I,M,-0.4137,29
375,356,Q,H,-0.4136,45
366,347,V,K,-0.4132,41
125,106,A,W,-0.4114,23
464,445,N,V,-0.4113,12
507,488,H,V,-0.4092,1
233,214,I,T,-0.4091,38
51,32,D,G,-0.4088,16
238,219,S,D,-0.4086,30
217,198,S,F,-0.4084,48
134,115,S,I,-0.4078,9
208,189,K,F,-0.4077,37
154,135,K,F,-0.4076,8
366,347,V,Q,-0.4074,50
176,157,L,S,-0.4054,46
295,276,K,E,-0.4046,37
508,489,N,V,-0.4026,8
420,401,E,Y,-0.4020,13
159,140,I,P,-0.4005,8
78,59,L,V,-0.4003,20
194,175,D,T,-0.4000,48
469,450,K,N,-0.3978,34
57,38,N,Q,-0.3973,39
90,71,L,F,-0.3957,5
522,503,K,P,-0.3927,8
380,361,R,H,-0.3913,27
391,372,A,Q,-0.3902,26
409,390,E,D,-0.3897,32
30,11,A,T,-0.3889,33
345,326,K,T,-0.3888,45
479,460,E,F,-0.3878,9
218,199,S,Q,-0.3877,27
280,261,R,I,-0.3870,84
468,449,E,D,-0.3860,25
317,298,N,H,-0.3851,23
498,479,G,Y,-0.3841,5
63,44,Q,Y,-0.3840,11
449,430,A,T,-0.3837,28
324,305,C,R,-0.3835,2
220,201,R,H,-0.3834,26
331,312,N,T,-0.3832,21
318,299,R,S,-0.3818,59
69,50,E,R,-0.3804,29
363,344,E,V,-0.3804,18
67,48,I,P,-0.3804,28
24,5,G,T,-0.3781,26
298,279,S,H,-0.3769,43
123,104,D,H,-0.3765,46
160,141,R,S,-0.3764,12
342,323,V,N,-0.3760,19
214,195,Y,S,-0.3756,4
207,188,D,T,-0.3750,32
143,124,S,V,-0.3747,29
345,326,K,Q,-0.3747,37
218,199,S,Y,-0.3743,30
163,144,S,N,-0.3739,36
330,311,Q,W,-0.3731,23
495,476,A,L,-0.3729,26
215,196,A,W,-0.3726,2
447,428,L,Q,-0.3723,29
387,368,K,M,-0.3722,47
330,311,Q,S,-0.3713,100
66,47,S,L,-0.3701,17
517,498,N,Y,-0.3693,13
78,59,L,I,-0.3689,44
125,106,A,T,-0.3688,21
216,197,Q,*,-0.3681,27
447,428,L,I,-0.3680,31
66,47,S,T,-0.3676,35
288,269,R,V,-0.3653,24
453,434,Q,K,-0.3648,4
409,390,E,N,-0.3643,20
347,328,T,G,-0.3638,25
150,131,T,R,-0.3636,40
57,38,N,G,-0.3635,16
398,379,G,P,-0.3629,5
24,5,G,D,-0.3624,40
179,160,T,R,-0.3622,106
347,328,T,A,-0.3619,21
217,198,S,N,-0.3607,74
391,372,A,L,-0.3604,19
523,504,G,Q,-0.3602,7
469,450,K,F,-0.3595,11
523,504,G,M,-0.3591,21
549,530,A,T,-0.3585,2
516,497,N,G,-0.3564,11
377,358,S,I,-0.3559,46
501,482,R,I,-0.3559,19
141,122,N,E,-0.3533,47
233,214,I,W,-0.3523,13
326,307,R,L,-0.3519,17
23,4,P,A,-0.3517,21
346,327,Q,N,-0.3513,30
373,354,R,Q,-0.3512,30
191,172,E,D,-0.3488,22
227,208,R,M,-0.3486,28
462,443,E,Y,-0.3479,20
337,318,T,M,-0.3472,30
208,189,K,M,-0.3467,50
384,365,A,S,-0.3467,2
462,443,E,V,-0.3465,12
218,199,S,G,-0.3459,13
243,224,R,F,-0.3453,19
491,472,K,S,-0.3451,23
28,9,S,D,-0.3449,15
298,279,S,E,-0.3410,44
493,474,D,P,-0.3401,1
29,10,T,R,-0.3398,11
393,374,I,W,-0.3397,28
52,33,R,H,-0.3386,19
40,21,P,S,-0.3382,23
386,367,L,I,-0.3381,36
366,347,V,Y,-0.3350,45
281,262,S,E,-0.3340,32
239,220,R,N,-0.3314,38
143,124,S,D,-0.3312,27
445,426,E,D,-0.3307,24
190,171,K,R,-0.3291,37
22,3,I,Q,-0.3287,9
520,501,Q,Y,-0.3286,10
237,218,G,H,-0.3284,31
94,75,Q,S,-0.3282,66
330,311,Q,R,-0.3276,88
398,379,G,Q,-0.3273,19
378,359,E,Q,-0.3267,38
101,82,K,Q,-0.3260,12
432,413,V,N,-0.3249,3
239,220,R,V,-0.3243,23
23,4,P,F,-0.3238,15
125,106,A,V,-0.3230,16
67,48,I,T,-0.3229,27
22,3,I,V,-0.3226,13
280,261,R,L,-0.3222,98
227,208,R,I,-0.3221,34
345,326,K,W,-0.3214,8
430,411,K,C,-0.3213,23
516,497,N,S,-0.3213,14
425,406,V,F,-0.3210,2
122,103,P,L,-0.3204,3
360,341,N,Y,-0.3203,62
375,356,Q,I,-0.3179,41
435,416,T,V,-0.3174,31
28,9,S,Q,-0.3171,15
38,19,A,T,-0.3167,44
450,431,L,V,-0.3141,46
440,421,W,L,-0.3140,2
507,488,H,Q,-0.3137,3
386,367,L,W,-0.3119,15
449,430,A,R,-0.3114,33
161,142,G,Y,-0.3106,9
395,376,Q,T,-0.3100,51
522,503,K,N,-0.3100,33
244,225,D,G,-0.3092,54
435,416,T,S,-0.3080,52
342,323,V,W,-0.3075,19
475,456,R,S,-0.3063,20
206,187,T,E,-0.3056,19
301,282,I,V,-0.3047,20
218,199,S,P,-0.3045,26
27,8,N,S,-0.3045,8
179,160,T,I,-0.3020,25
425,406,V,L,-0.3006,16
76,57,Q,I,-0.3005,31
241,222,R,G,-0.2998,32
498,479,G,Q,-0.2989,15
329,310,K,R,-0.2979,11
479,460,E,V,-0.2972,38
111,92,R,W,-0.2972,47
354,335,I,M,-0.2966,24
261,242,I,C,-0.2964,22
310,291,D,N,-0.2943,12
24,5,G,A,-0.2921,20
488,469,I,L,-0.2920,15
164,145,S,N,-0.2918,24
508,489,N,L,-0.2908,10
97,78,G,E,-0.2891,64
386,367,L,E,-0.2885,26
25,6,N,V,-0.2883,15
32,13,L,I,-0.2882,16
326,307,R,Y,-0.2879,26
458,439,L,M,-0.2866,37
241,222,R,T,-0.2865,31
309,290,N,A,-0.2862,12
154,135,K,L,-0.2855,20
346,327,Q,T,-0.2846,34
57,38,N,T,-0.2841,26
237,218,G,T,-0.2838,38
179,160,T,M,-0.2835,53
409,390,E,T,-0.2834,17
523,504,G,N,-0.2812,11
220,201,R,L,-0.2807,30
411,392,F,W,-0.2803,15
253,234,W,Y,-0.2779,74
143,124,S,H,-0.2778,40
69,50,E,G,-0.2776,8
294,275,G,Q,-0.2766,6
347,328,T,S,-0.2758,46
111,92,R,E,-0.2756,37
420,401,E,L,-0.2752,13
198,179,I,V,-0.2746,61
327,308,Y,F,-0.2733,56
65,46,S,I,-0.2711,23
523,504,G,L,-0.2702,8
468,449,E,Q,-0.2696,16
393,374,I,Y,-0.2694,38
387,368,K,H,-0.2693,29
523,504,G,P,-0.2693,7
261,242,I,Q,-0.2692,55
401,382,N,A,-0.2692,17
498,479,G,L,-0.2686,10
235,216,N,Q,-0.2685,39
162,143,S,H,-0.2681,12
475,456,R,G,-0.2648,29
343,324,P,Q,-0.2647,31
421,402,V,W,-0.2644,12
469,450,K,V,-0.2641,15
394,375,D,N,-0.2640,49
136,117,T,I,-0.2636,5
76,57,Q,K,-0.2632,44
472,453,K,G,-0.2627,14
255,236,I,V,-0.2620,29
216,197,Q,Y,-0.2620,27
260,241,D,E,-0.2612,1
76,57,Q,V,-0.2608,33
393,374,I,S,-0.2576,49
508,489,N,A,-0.2562,7
461,442,S,F,-0.2550,18
247,228,S,G,-0.2550,1
150,131,T,W,-0.2547,1
129,110,S,A,-0.2545,47
495,476,A,Y,-0.2540,10
469,450,K,Q,-0.2528,23
401,382,N,T,-0.2523,26
491,472,K,F,-0.2520,10
49,30,T,S,-0.2511,17
330,311,Q,V,-0.2508,53
182,163,A,E,-0.2502,43
218,199,S,H,-0.2498,21
244,225,D,E,-0.2494,42
461,442,S,I,-0.2488,19
226,207,K,S,-0.2479,46
125,106,A,D,-0.2473,55
141,122,N,D,-0.2471,47
331,312,N,Y,-0.2469,28
419,400,S,N,-0.2465,18
375,356,Q,C,-0.2455,7
97,78,G,V,-0.2440,25
512,493,D,F,-0.2436,10
391,372,A,M,-0.2433,18
375,356,Q,S,-0.2428,46
29,10,T,Q,-0.2421,3
122,103,P,D,-0.2420,44
555,536,M,V,-0.2420,4
302,283,T,S,-0.2416,18
401,382,N,D,-0.2415,40
190,171,K,T,-0.2410,73
375,356,Q,T,-0.2408,57
159,140,I,M,-0.2408,26
405,386,G,A,-0.2405,18
164,145,S,G,-0.2402,20
377,358,S,A,-0.2402,48
212,193,S,R,-0.2399,59
240,221,P,H,-0.2395,13
25,6,N,R,-0.2393,20
59,40,T,I,-0.2381,23
154,135,K,C,-0.2379,8
395,376,Q,H,-0.2375,40
261,242,I,D,-0.2375,34
50,31,N,S,-0.2374,21
102,83,K,Q,-0.2371,44
216,197,Q,S,-0.2370,70
512,493,D,T,-0.2360,14
308,289,P,E,-0.2357,7
403,384,L,V,-0.2345,23
402,383,R,H,-0.2342,20
220,201,R,A,-0.2341,26
97,78,G,C,-0.2336,8
209,190,D,*,-0.2327,12
386,367,L,Y,-0.2318,27
366,347,V,R,-0.2303,99
418,399,F,W,-0.2302,10
394,375,D,H,-0.2294,27
380,361,R,E,-0.2290,24
520,501,Q,G,-0.2289,11
157,138,S,Q,-0.2266,21
98,79,F,I,-0.2262,28
179,160,T,*,-0.2259,48
220,201,R,P,-0.2258,40
473,454,Q,I,-0.2256,30
192,173,Q,D,-0.2242,18
501,482,R,T,-0.2236,16
409,390,E,P,-0.2221,10
89,70,L,I,-0.2220,58
347,328,T,C,-0.2212,2
66,47,S,G,-0.2198,31
522,503,K,D,-0.2189,14
446,427,L,V,-0.2187,18
51,32,D,Y,-0.2187,22
102,83,K,R,-0.2180,106
161,142,G,N,-0.2172,37
217,198,S,R,-0.2172,91
235,216,N,T,-0.2161,45
345,326,K,L,-0.2159,81
509,490,V,A,-0.2157,13
390,371,Q,N,-0.2147,21
216,197,Q,E,-0.2144,21
407,388,T,Y,-0.2141,21
211,192,I,N,-0.2138,79
26,7,D,Y,-0.2137,15
190,171,K,I,-0.2133,17
136,117,T,S,-0.2132,37
364,345,G,E,-0.2130,1
219,200,G,P,-0.2125,46
546,527,L,M,-0.2117,2
512,493,D,N,-0.2114,34
237,218,G,M,-0.2112,28
323,304,A,N,-0.2109,28
45,26,V,I,-0.2107,26
111,92,R,A,-0.2104,36
156,137,F,G,-0.2091,14
218,199,S,N,-0.2086,23
97,78,G,D,-0.2082,83
238,219,S,H,-0.2071,25
23,4,P,Q,-0.2065,13
461,442,S,A,-0.2063,16
387,368,K,T,-0.2059,61
232,213,V,I,-0.2049,57
512,493,D,S,-0.2047,11
510,491,Y,*,-0.2044,1
141,122,N,S,-0.2043,60
65,46,S,E,-0.2017,24
342,323,V,L,-0.2013,15
334,315,K,R,-0.2007,33
241,222,R,M,-0.2002,20
421,402,V,S,-0.1999,27
140,121,K,V,-0.1997,37
178,159,Y,R,-0.1997,113
345,326,K,R,-0.1995,92
111,92,R,V,-0.1990,47
220,201,R,I,-0.1987,27
533,514,W,C,-0.1986,2
430,411,K,V,-0.1940,18
292,273,P,K,-0.1938,20
81,62,G,K,-0.1936,11
112,93,A,T,-0.1932,34
140,121,K,Q,-0.1930,77
69,50,E,V,-0.1920,31
99,80,Q,R,-0.1916,3
52,33,R,F,-0.1914,20
446,427,L,M,-0.1912,63
63,44,Q,K,-0.1908,3
363,344,E,M,-0.1898,36
413,394,Q,A,-0.1895,20
226,207,K,A,-0.1891,31
162,143,S,E,-0.1878,15
141,122,N,Q,-0.1873,60
163,144,S,K,-0.1871,104
409,390,E,Q,-0.1863,20
457,438,D,A,-0.1861,18
241,222,R,H,-0.1860,22
330,311,Q,C,-0.1859,21
402,383,R,K,-0.1853,32
330,311,Q,A,-0.1842,63
469,450,K,S,-0.1834,18
392,373,A,I,-0.1815,17
66,47,S,P,-0.1814,4
40,21,P,A,-0.1808,29
41,22,N,Q,-0.1802,17
178,159,Y,T,-0.1791,54
380,361,R,I,-0.1788,63
402,383,R,S,-0.1787,47
27,8,N,C,-0.1785,6
467,448,F,Y,-0.1780,29
26,7,D,M,-0.1775,13
391,372,A,T,-0.1755,47
182,163,A,N,-0.1750,34
498,479,G,M,-0.1746,10
239,220,R,I,-0.1744,31
281,262,S,M,-0.1743,25
233,214,I,R,-0.1708,20
263,244,L,M,-0.1700,79
102,83,K,Y,-0.1667,3
405,386,G,D,-0.1664,26
241,222,R,Y,-0.1658,35
245,226,I,Q,-0.1653,24
495,476,A,F,-0.1648,19
291,272,A,H,-0.1646,9
113,94,Y,E,-0.1625,35
238,219,S,P,-0.1621,54
464,445,N,L,-0.1606,9
125,106,A,I,-0.1596,19
366,347,V,E,-0.1587,87
331,312,N,D,-0.1566,24
207,188,D,W,-0.1565,13
29,10,T,E,-0.1561,6
246,227,P,T,-0.1559,58
239,220,R,Y,-0.1558,36
391,372,A,V,-0.1553,49
81,62,G,N,-0.1541,10
207,188,D,E,-0.1540,69
403,384,L,I,-0.1539,21
246,227,P,A,-0.1524,18
209,190,D,T,-0.1524,14
347,328,T,Q,-0.1519,29
465,446,K,Q,-0.1514,17
509,490,V,I,-0.1511,14
461,442,S,R,-0.1501,21
76,57,Q,T,-0.1500,41
517,498,N,T,-0.1493,18
280,261,R,F,-0.1463,33
203,184,H,E,-0.1463,50
94,75,Q,L,-0.1460,86
246,227,P,E,-0.1451,37
41,22,N,E,-0.1446,14
163,144,S,Y,-0.1444,11
134,115,S,A,-0.1429,5
26,7,D,H,-0.1420,6
66,47,S,N,-0.1420,17
134,115,S,M,-0.1417,21
316,297,V,I,-0.1413,28
72,53,D,Y,-0.1410,3
105,86,L,I,-0.1406,41
280,261,R,T,-0.1392,88
382,363,Q,E,-0.1390,53
161,142,G,D,-0.1386,38
187,168,M,I,-0.1384,16
147,128,A,E,-0.1383,46
140,121,K,D,-0.1366,23
206,187,T,A,-0.1366,28
326,307,R,K,-0.1364,66
405,386,G,C,-0.1341,12
330,311,Q,T,-0.1336,52
263,244,L,Y,-0.1330,115
59,40,T,M,-0.1328,21
468,449,E,I,-0.1325,9
425,406,V,M,-0.1315,11
86,67,I,M,-0.1312,34
407,388,T,G,-0.1309,17
472,453,K,Y,-0.1307,21
410,391,K,N,-0.1306,33
246,227,P,G,-0.1304,24
235,216,N,E,-0.1290,61
147,128,A,T,-0.1285,63
178,159,Y,F,-0.1283,84
211,192,I,T,-0.1275,93
394,375,D,E,-0.1266,38
308,289,P,T,-0.1263,5
160,141,R,M,-0.1262,4
318,299,R,K,-0.1248,40
387,368,K,D,-0.1245,37
295,276,K,L,-0.1243,15
495,476,A,N,-0.1233,11
100,81,N,D,-0.1224,84
295,276,K,I,-0.1220,35
66,47,S,V,-0.1212,22
497,478,I,M,-0.1209,75
375,356,Q,L,-0.1195,46
205,186,G,P,-0.1195,36
282,263,G,W,-0.1171,15
205,186,G,Y,-0.1169,8
366,347,V,S,-0.1158,54
380,361,R,F,-0.1153,18
238,219,S,L,-0.1141,30
147,128,A,V,-0.1140,19
512,493,D,M,-0.1139,14
520,501,Q,M,-0.1136,19
179,160,T,S,-0.1134,176
234,215,P,M,-0.1132,8
401,382,N,E,-0.1131,18
11,-9,A,S,-0.1112,1
73,54,S,G,-0.1110,20
23,4,P,D,-0.1103,16
233,214,I,Y,-0.1069,17
373,354,R,G,-0.1064,2
154,135,K,H,-0.1061,23
353,334,A,M,-0.1058,24
263,244,L,E,-0.1032,39
461,442,S,M,-0.1025,22
380,361,R,T,-0.1019,33
28,9,S,R,-0.1010,17
487,468,K,M,-0.1004,31
320,301,T,S,-0.1004,53
307,288,I,M,-0.0999,42
69,50,E,K,-0.0993,38
211,192,I,S,-0.0986,90
244,225,D,N,-0.0976,46
404,385,I,T,-0.0967,9
40,21,P,Q,-0.0965,41
207,188,D,I,-0.0963,36
203,184,H,Y,-0.0962,1
179,160,T,Q,-0.0962,67
432,413,V,T,-0.0958,15
179,160,T,H,-0.0949,67
410,391,K,Q,-0.0948,34
523,504,G,S,-0.0933,30
363,344,E,Y,-0.0912,35
382,363,Q,F,-0.0907,24
111,92,R,M,-0.0879,53
200,181,G,V,-0.0871,2
241,222,R,W,-0.0861,18
391,372,A,S,-0.0850,41
280,261,R,S,-0.0842,136
44,25,I,M,-0.0842,24
49,30,T,I,-0.0842,27
81,62,G,V,-0.0839,22
52,33,R,L,-0.0826,34
507,488,H,I,-0.0822,1
417,398,E,S,-0.0820,10
29,10,T,D,-0.0818,3
65,46,S,A,-0.0806,23
387,368,K,A,-0.0804,38
23,4,P,W,-0.0798,18
421,402,V,A,-0.0796,8
122,103,P,T,-0.0786,36
58,39,A,V,-0.0786,1
69,50,E,F,-0.0779,32
346,327,Q,E,-0.0775,22
319,300,I,V,-0.0768,38
481,462,M,L,-0.0763,21
323,304,A,F,-0.0758,20
352,333,G,R,-0.0748,20
250,231,S,Q,-0.0720,16
387,368,K,L,-0.0719,35
208,189,K,A,-0.0709,35
403,384,L,F,-0.0696,50
72,53,D,Q,-0.0679,10
34,15,L,I,-0.0661,31
460,441,D,A,-0.0660,21
403,384,L,M,-0.0658,30
150,131,T,K,-0.0656,38
123,104,D,Q,-0.0648,17
347,328,T,Y,-0.0642,40
22,3,I,Y,-0.0642,32
40,21,P,G,-0.0624,8
217,198,S,K,-0.0622,95
427,408,D,Y,-0.0617,6
178,159,Y,V,-0.0609,28
266,247,S,T,-0.0605,29
154,135,K,R,-0.0593,26
141,122,N,M,-0.0583,38
232,213,V,A,-0.0581,17
263,244,L,N,-0.0576,65
491,472,K,L,-0.0566,14
246,227,P,L,-0.0543,1
294,275,G,A,-0.0542,31
499,480,S,A,-0.0542,1
253,234,W,H,-0.0539,55
76,57,Q,L,-0.0530,36
208,189,K,R,-0.0521,51
193,174,F,Y,-0.0507,47
420,401,E,N,-0.0506,15
330,311,Q,E,-0.0484,10
182,163,A,V,-0.0478,37
263,244,L,H,-0.0477,94
403,384,L,W,-0.0476,15
263,244,L,S,-0.0471,102
192,173,Q,E,-0.0468,17
31,12,T,W,-0.0462,8
190,171,K,N,-0.0456,156
57,38,N,A,-0.0455,20
353,334,A,S,-0.0455,37
206,187,T,N,-0.0452,33
419,400,S,I,-0.0431,18
447,428,L,V,-0.0430,32
217,198,S,Y,-0.0421,77
233,214,I,L,-0.0419,39
211,192,I,F,-0.0415,90
399,380,K,N,-0.0410,22
435,416,T,C,-0.0406,13
220,201,R,S,-0.0390,41
182,163,A,D,-0.0390,59
41,22,N,S,-0.0388,28
192,173,Q,T,-0.0376,20
332,313,T,S,-0.0372,40
495,476,A,E,-0.0371,29
508,489,N,K,-0.0367,19
115,96,N,S,-0.0367,16
337,318,T,V,-0.0367,18
298,279,S,R,-0.0358,29
122,103,P,E,-0.0349,36
40,21,P,M,-0.0338,15
234,215,P,V,-0.0336,23
464,445,N,R,-0.0317,13
111,92,R,L,-0.0315,54
208,189,K,N,-0.0312,95
219,200,G,S,-0.0280,24
113,94,Y,N,-0.0273,33
351,332,F,I,-0.0272,18
400,381,L,M,-0.0268,26
281,262,S,T,-0.0264,34
243,224,R,P,-0.0264,8
297,278,K,H,-0.0262,19
178,159,Y,E,-0.0261,53
235,216,N,K,-0.0254,72
280,261,R,W,-0.0245,7
40,21,P,F,-0.0240,22
418,399,F,H,-0.0235,10
28,9,S,Y,-0.0226,13
66,47,S,D,-0.0220,14
179,160,T,A,-0.0210,69
398,379,G,V,-0.0205,13
280,261,R,P,-0.0201,27
154,135,K,P,-0.0186,6
63,44,Q,H,-0.0182,31
298,279,S,L,-0.0136,32
366,347,V,A,-0.0121,87
218,199,S,I,-0.0115,52
163,144,S,R,-0.0111,75
115,96,N,Q,-0.0104,20
447,428,L,M,-0.0104,35
149,130,V,A,-0.0100,1
213,194,L,Q,-0.0085,1
520,501,Q,H,-0.0082,18
66,47,S,A,-0.0071,18
218,199,S,E,-0.0066,42
126,107,S,T,-0.0056,42
516,497,N,F,-0.0056,24
393,374,I,R,-0.0028,48
27,8,N,F,-0.0002,29
50,31,N,D,-0.0001,13
11,-9,A,A,0.0000,
16,-4,D,D,0.0000,
17,-3,A,A,0.0000,
18,-2,D,D,0.0000,
19,-1,T,T,0.0000,
20,1,Q,Q,0.0000,
21,2,K,K,0.0000,
22,3,I,I,0.0000,
23,4,P,P,0.0000,
24,5,G,G,0.0000,
25,6,N,N,0.0000,
26,7,D,D,0.0000,
27,8,N,N,0.0000,
28,9,S,S,0.0000,
29,10,T,T,0.0000,
30,11,A,A,0.0000,
31,12,T,T,0.0000,
32,13,L,L,0.0000,
33,14,C,C,0.0000,
34,15,L,L,0.0000,
35,16,G,G,0.0000,
36,17,H,H,0.0000,
37,18,H,H,0.0000,
38,19,A,A,0.0000,
39,20,V,V,0.0000,
40,21,P,P,0.0000,
41,22,N,N,0.0000,
42,23,G,G,0.0000,
43,24,T,T,0.0000,
44,25,I,I,0.0000,
45,26,V,V,0.0000,
46,27,K,K,0.0000,
47,28,T,T,0.0000,
48,29,I,I,0.0000,
49,30,T,T,0.0000,
50,31,N,N,0.0000,
51,32,D,D,0.0000,
52,33,R,R,0.0000,
53,34,I,I,0.0000,
54,35,E,E,0.0000,
55,36,V,V,0.0000,
56,37,T,T,0.0000,
57,38,N,N,0.0000,
58,39,A,A,0.0000,
59,40,T,T,0.0000,
60,41,E,E,0.0000,
62,43,V,V,0.0000,
63,44,Q,Q,0.0000,
64,45,N,N,0.0000,
65,46,S,S,0.0000,
66,47,S,S,0.0000,
67,48,I,I,0.0000,
68,49,G,G,0.0000,
69,50,E,E,0.0000,
70,51,I,I,0.0000,
71,52,C,C,0.0000,
72,53,D,D,0.0000,
73,54,S,S,0.0000,
74,55,P,P,0.0000,
75,56,H,H,0.0000,
76,57,Q,Q,0.0000,
77,58,I,I,0.0000,
78,59,L,L,0.0000,
80,61,G,G,0.0000,
81,62,G,G,0.0000,
82,63,N,N,0.0000,
83,64,C,C,0.0000,
84,65,T,T,0.0000,
85,66,L,L,0.0000,
86,67,I,I,0.0000,
88,69,A,A,0.0000,
89,70,L,L,0.0000,
90,71,L,L,0.0000,
91,72,G,G,0.0000,
92,73,D,D,0.0000,
93,74,P,P,0.0000,
94,75,Q,Q,0.0000,
96,77,D,D,0.0000,
97,78,G,G,0.0000,
98,79,F,F,0.0000,
99,80,Q,Q,0.0000,
100,81,N,N,0.0000,
101,82,K,K,0.0000,
102,83,K,K,0.0000,
103,84,W,W,0.0000,
104,85,D,D,0.0000,
105,86,L,L,0.0000,
106,87,F,F,0.0000,
107,88,V,V,0.0000,
108,89,E,E,0.0000,
109,90,R,R,0.0000,
110,91,S,S,0.0000,
111,92,R,R,0.0000,
112,93,A,A,0.0000,
113,94,Y,Y,0.0000,
114,95,S,S,0.0000,
115,96,N,N,0.0000,
117,98,Y,Y,0.0000,
118,99,P,P,0.0000,
120,101,D,D,0.0000,
121,102,V,V,0.0000,
122,103,P,P,0.0000,
123,104,D,D,0.0000,
124,105,Y,Y,0.0000,
125,106,A,A,0.0000,
126,107,S,S,0.0000,
127,108,L,L,0.0000,
128,109,R,R,0.0000,
129,110,S,S,0.0000,
131,112,V,V,0.0000,
132,113,A,A,0.0000,
133,114,S,S,0.0000,
134,115,S,S,0.0000,
135,116,G,G,0.0000,
136,117,T,T,0.0000,
137,118,L,L,0.0000,
138,119,E,E,0.0000,
140,121,K,K,0.0000,
141,122,N,N,0.0000,
142,123,E,E,0.0000,
143,124,S,S,0.0000,
145,126,N,N,0.0000,
146,127,W,W,0.0000,
147,128,A,A,0.0000,
148,129,G,G,0.0000,
149,130,V,V,0.0000,
150,131,T,T,0.0000,
151,132,Q,Q,0.0000,
152,133,N,N,0.0000,
153,134,G,G,0.0000,
154,135,K,K,0.0000,
155,136,S,S,0.0000,
156,137,F,F,0.0000,
157,138,S,S,0.0000,
158,139,C,C,0.0000,
159,140,I,I,0.0000,
160,141,R,R,0.0000,
161,142,G,G,0.0000,
162,143,S,S,0.0000,
163,144,S,S,0.0000,
164,145,S,S,0.0000,
165,146,S,S,0.0000,
169,150,R,R,0.0000,
172,153,W,W,0.0000,
174,155,T,T,0.0000,
175,156,H,H,0.0000,
176,157,L,L,0.0000,
177,158,N,N,0.0000,
178,159,Y,Y,0.0000,
179,160,T,T,0.0000,
180,161,Y,Y,0.0000,
181,162,P,P,0.0000,
182,163,A,A,0.0000,
183,164,L,L,0.0000,
184,165,N,N,0.0000,
185,166,V,V,0.0000,
186,167,T,T,0.0000,
187,168,M,M,0.0000,
188,169,P,P,0.0000,
190,171,K,K,0.0000,
191,172,E,E,0.0000,
192,173,Q,Q,0.0000,
193,174,F,F,0.0000,
194,175,D,D,0.0000,
197,178,Y,Y,0.0000,
198,179,I,I,0.0000,
199,180,W,W,0.0000,
200,181,G,G,0.0000,
201,182,V,V,0.0000,
202,183,H,H,0.0000,
203,184,H,H,0.0000,
204,185,P,P,0.0000,
205,186,G,G,0.0000,
206,187,T,T,0.0000,
207,188,D,D,0.0000,
208,189,K,K,0.0000,
209,190,D,D,0.0000,
210,191,Q,Q,0.0000,
211,192,I,I,0.0000,
212,193,S,S,0.0000,
213,194,L,L,0.0000,
214,195,Y,Y,0.0000,
215,196,A,A,0.0000,
216,197,Q,Q,0.0000,
217,198,S,S,0.0000,
218,199,S,S,0.0000,
219,200,G,G,0.0000,
220,201,R,R,0.0000,
221,202,I,I,0.0000,
222,203,T,T,0.0000,
224,205,S,S,0.0000,
226,207,K,K,0.0000,
227,208,R,R,0.0000,
228,209,S,S,0.0000,
229,210,Q,Q,0.0000,
230,211,Q,Q,0.0000,
231,212,A,A,0.0000,
232,213,V,V,0.0000,
233,214,I,I,0.0000,
234,215,P,P,0.0000,
235,216,N,N,0.0000,
236,217,I,I,0.0000,
237,218,G,G,0.0000,
238,219,S,S,0.0000,
239,220,R,R,0.0000,
240,221,P,P,0.0000,
241,222,R,R,0.0000,
242,223,I,I,0.0000,
243,224,R,R,0.0000,
244,225,D,D,0.0000,
245,226,I,I,0.0000,
246,227,P,P,0.0000,
247,228,S,S,0.0000,
248,229,R,R,0.0000,
249,230,I,I,0.0000,
250,231,S,S,0.0000,
252,233,Y,Y,0.0000,
253,234,W,W,0.0000,
254,235,T,T,0.0000,
255,236,I,I,0.0000,
257,238,K,K,0.0000,
258,239,P,P,0.0000,
259,240,G,G,0.0000,
260,241,D,D,0.0000,
261,242,I,I,0.0000,
262,243,L,L,0.0000,
263,244,L,L,0.0000,
264,245,I,I,0.0000,
265,246,N,N,0.0000,
266,247,S,S,0.0000,
268,249,G,G,0.0000,
270,251,L,L,0.0000,
273,254,P,P,0.0000,
274,255,R,R,0.0000,
276,257,Y,Y,0.0000,
277,258,F,F,0.0000,
278,259,K,K,0.0000,
279,260,I,I,0.0000,
280,261,R,R,0.0000,
281,262,S,S,0.0000,
282,263,G,G,0.0000,
283,264,K,K,0.0000,
284,265,S,S,0.0000,
285,266,S,S,0.0000,
286,267,I,I,0.0000,
287,268,M,M,0.0000,
288,269,R,R,0.0000,
289,270,S,S,0.0000,
290,271,D,D,0.0000,
291,272,A,A,0.0000,
292,273,P,P,0.0000,
294,275,G,G,0.0000,
295,276,K,K,0.0000,
296,277,C,C,0.0000,
297,278,K,K,0.0000,
298,279,S,S,0.0000,
299,280,E,E,0.0000,
300,281,C,C,0.0000,
301,282,I,I,0.0000,
302,283,T,T,0.0000,
303,284,P,P,0.0000,
304,285,N,N,0.0000,
305,286,G,G,0.0000,
307,288,I,I,0.0000,
308,289,P,P,0.0000,
309,290,N,N,0.0000,
310,291,D,D,0.0000,
311,292,K,K,0.0000,
313,294,F,F,0.0000,
314,295,Q,Q,0.0000,
315,296,N,N,0.0000,
316,297,V,V,0.0000,
317,298,N,N,0.0000,
318,299,R,R,0.0000,
319,300,I,I,0.0000,
320,301,T,T,0.0000,
321,302,Y,Y,0.0000,
322,303,G,G,0.0000,
323,304,A,A,0.0000,
324,305,C,C,0.0000,
325,306,P,P,0.0000,
326,307,R,R,0.0000,
327,308,Y,Y,0.0000,
328,309,V,V,0.0000,
329,310,K,K,0.0000,
330,311,Q,Q,0.0000,
331,312,N,N,0.0000,
332,313,T,T,0.0000,
333,314,L,L,0.0000,
334,315,K,K,0.0000,
336,317,A,A,0.0000,
337,318,T,T,0.0000,
338,319,G,G,0.0000,
339,320,M,M,0.0000,
340,321,R,R,0.0000,
342,323,V,V,0.0000,
343,324,P,P,0.0000,
344,325,E,E,0.0000,
345,326,K,K,0.0000,
346,327,Q,Q,0.0000,
347,328,T,T,0.0000,
348,329,R,R,0.0000,
349,330,G,G,0.0000,
350,331,I,I,0.0000,
351,332,F,F,0.0000,
352,333,G,G,0.0000,
353,334,A,A,0.0000,
354,335,I,I,0.0000,
355,336,A,A,0.0000,
356,337,G,G,0.0000,
357,338,F,F,0.0000,
358,339,I,I,0.0000,
360,341,N,N,0.0000,
361,342,G,G,0.0000,
362,343,W,W,0.0000,
363,344,E,E,0.0000,
364,345,G,G,0.0000,
365,346,M,M,0.0000,
366,347,V,V,0.0000,
367,348,D,D,0.0000,
369,350,W,W,0.0000,
370,351,Y,Y,0.0000,
371,352,G,G,0.0000,
372,353,F,F,0.0000,
373,354,R,R,0.0000,
374,355,H,H,0.0000,
375,356,Q,Q,0.0000,
377,358,S,S,0.0000,
378,359,E,E,0.0000,
379,360,G,G,0.0000,
380,361,R,R,0.0000,
381,362,G,G,0.0000,
382,363,Q,Q,0.0000,
383,364,A,A,0.0000,
384,365,A,A,0.0000,
386,367,L,L,0.0000,
387,368,K,K,0.0000,
388,369,S,S,0.0000,
390,371,Q,Q,0.0000,
391,372,A,A,0.0000,
392,373,A,A,0.0000,
393,374,I,I,0.0000,
394,375,D,D,0.0000,
395,376,Q,Q,0.0000,
396,377,I,I,0.0000,
397,378,N,N,0.0000,
398,379,G,G,0.0000,
399,380,K,K,0.0000,
400,381,L,L,0.0000,
401,382,N,N,0.0000,
402,383,R,R,0.0000,
403,384,L,L,0.0000,
404,385,I,I,0.0000,
405,386,G,G,0.0000,
406,387,K,K,0.0000,
407,388,T,T,0.0000,
408,389,N,N,0.0000,
409,390,E,E,0.0000,
410,391,K,K,0.0000,
411,392,F,F,0.0000,
412,393,H,H,0.0000,
413,394,Q,Q,0.0000,
414,395,I,I,0.0000,
415,396,E,E,0.0000,
416,397,K,K,0.0000,
417,398,E,E,0.0000,
418,399,F,F,0.0000,
419,400,S,S,0.0000,
420,401,E,E,0.0000,
421,402,V,V,0.0000,
422,403,E,E,0.0000,
423,404,G,G,0.0000,
424,405,R,R,0.0000,
425,406,V,V,0.0000,
426,407,Q,Q,0.0000,
427,408,D,D,0.0000,
428,409,L,L,0.0000,
429,410,E,E,0.0000,
430,411,K,K,0.0000,
431,412,Y,Y,0.0000,
432,413,V,V,0.0000,
433,414,E,E,0.0000,
434,415,D,D,0.0000,
435,416,T,T,0.0000,
436,417,K,K,0.0000,
437,418,I,I,0.0000,
438,419,D,D,0.0000,
439,420,L,L,0.0000,
440,421,W,W,0.0000,
442,423,Y,Y,0.0000,
443,424,N,N,0.0000,
444,425,A,A,0.0000,
445,426,E,E,0.0000,
446,427,L,L,0.0000,
447,428,L,L,0.0000,
448,429,V,V,0.0000,
449,430,A,A,0.0000,
450,431,L,L,0.0000,
451,432,E,E,0.0000,
453,434,Q,Q,0.0000,
454,435,H,H,0.0000,
455,436,T,T,0.0000,
456,437,I,I,0.0000,
457,438,D,D,0.0000,
458,439,L,L,0.0000,
459,440,T,T,0.0000,
460,441,D,D,0.0000,
461,442,S,S,0.0000,
462,443,E,E,0.0000,
463,444,M,M,0.0000,
464,445,N,N,0.0000,
465,446,K,K,0.0000,
466,447,L,L,0.0000,
467,448,F,F,0.0000,
468,449,E,E,0.0000,
469,450,K,K,0.0000,
470,451,T,T,0.0000,
471,452,K,K,0.0000,
472,453,K,K,0.0000,
473,454,Q,Q,0.0000,
475,456,R,R,0.0000,
476,457,E,E,0.0000,
478,459,A,A,0.0000,
479,460,E,E,0.0000,
480,461,D,D,0.0000,
481,462,M,M,0.0000,
482,463,G,G,0.0000,
483,464,N,N,0.0000,
485,466,C,C,0.0000,
486,467,F,F,0.0000,
487,468,K,K,0.0000,
488,469,I,I,0.0000,
489,470,Y,Y,0.0000,
490,471,H,H,0.0000,
491,472,K,K,0.0000,
492,473,C,C,0.0000,
493,474,D,D,0.0000,
494,475,N,N,0.0000,
495,476,A,A,0.0000,
496,477,C,C,0.0000,
497,478,I,I,0.0000,
498,479,G,G,0.0000,
499,480,S,S,0.0000,
500,481,I,I,0.0000,
501,482,R,R,0.0000,
503,484,E,E,0.0000,
504,485,T,T,0.0000,
505,486,Y,Y,0.0000,
506,487,D,D,0.0000,
507,488,H,H,0.0000,
508,489,N,N,0.0000,
509,490,V,V,0.0000,
510,491,Y,Y,0.0000,
511,492,R,R,0.0000,
512,493,D,D,0.0000,
513,494,E,E,0.0000,
514,495,A,A,0.0000,
515,496,L,L,0.0000,
516,497,N,N,0.0000,
517,498,N,N,0.0000,
518,499,R,R,0.0000,
519,500,F,F,0.0000,
520,501,Q,Q,0.0000,
521,502,I,I,0.0000,
522,503,K,K,0.0000,
523,504,G,G,0.0000,
524,505,V,V,0.0000,
525,506,E,E,0.0000,
526,507,L,L,0.0000,
528,509,S,S,0.0000,
529,510,G,G,0.0000,
531,512,K,K,0.0000,
532,513,D,D,0.0000,
533,514,W,W,0.0000,
535,516,L,L,0.0000,
536,517,W,W,0.0000,
537,518,I,I,0.0000,
538,519,S,S,0.0000,
539,520,F,F,0.0000,
540,521,A,A,0.0000,
541,522,I,I,0.0000,
542,523,S,S,0.0000,
543,524,C,C,0.0000,
544,525,F,F,0.0000,
545,526,L,L,0.0000,
546,527,L,L,0.0000,
547,528,C,C,0.0000,
548,529,V,V,0.0000,
549,530,A,A,0.0000,
550,531,L,L,0.0000,
551,532,L,L,0.0000,
552,533,G,G,0.0000,
555,536,M,M,0.0000,
556,537,W,W,0.0000,
557,538,A,A,0.0000,
558,539,C,C,0.0000,
559,540,Q,Q,0.0000,
560,541,K,K,0.0000,
140,121,K,R,0.0013,31
401,382,N,G,0.0014,23
517,498,N,K,0.0015,17
283,264,K,R,0.0024,10
227,208,R,A,0.0042,30
380,361,R,L,0.0052,18
319,300,I,Q,0.0053,21
49,30,T,V,0.0059,10
154,135,K,G,0.0065,33
205,186,G,E,0.0071,51
147,128,A,D,0.0072,34
366,347,V,H,0.0075,72
435,416,T,A,0.0080,22
400,381,L,W,0.0093,29
240,221,P,T,0.0102,25
458,439,L,Y,0.0110,26
101,82,K,T,0.0146,26
457,438,D,Y,0.0159,2
529,510,G,E,0.0164,2
430,411,K,S,0.0165,33
468,449,E,T,0.0166,5
419,400,S,C,0.0166,10
73,54,S,R,0.0170,40
76,57,Q,S,0.0176,24
217,198,S,L,0.0178,94
495,476,A,V,0.0179,24
220,201,R,D,0.0180,14
94,75,Q,M,0.0181,155
40,21,P,T,0.0185,42
308,289,P,A,0.0199,13
28,9,S,N,0.0202,19
52,33,R,E,0.0202,19
457,438,D,Q,0.0208,17
461,442,S,H,0.0208,12
103,84,W,F,0.0217,27
295,276,K,H,0.0224,29
420,401,E,I,0.0224,34
380,361,R,Y,0.0245,16
81,62,G,R,0.0250,24
482,463,G,S,0.0261,3
57,38,N,C,0.0281,14
402,383,R,N,0.0289,22
377,358,S,D,0.0320,46
241,222,R,V,0.0328,24
23,4,P,S,0.0330,30
350,331,I,A,0.0332,4
280,261,R,G,0.0334,77
405,386,G,I,0.0341,27
140,121,K,E,0.0348,58
208,189,K,T,0.0351,42
326,307,R,T,0.0351,28
111,92,R,F,0.0352,36
51,32,D,E,0.0365,23
373,354,R,M,0.0378,46
111,92,R,H,0.0382,40
147,128,A,G,0.0395,17
487,468,K,T,0.0400,28
216,197,Q,W,0.0400,8
35,16,G,W,0.0407,6
512,493,D,I,0.0407,22
420,401,E,M,0.0409,13
473,454,Q,M,0.0409,39
76,57,Q,H,0.0410,44
487,468,K,Q,0.0414,18
147,128,A,P,0.0415,15
239,220,R,D,0.0434,13
41,22,N,D,0.0435,18
409,390,E,A,0.0438,17
49,30,T,Y,0.0465,29
143,124,S,W,0.0468,19
461,442,S,T,0.0469,10
88,69,A,S,0.0475,3
330,311,Q,K,0.0479,31
27,8,N,E,0.0481,20
523,504,G,E,0.0481,23
237,218,G,F,0.0491,16
25,6,N,L,0.0494,13
215,196,A,G,0.0497,21
363,344,E,L,0.0498,20
113,94,Y,T,0.0511,29
337,318,T,L,0.0514,31
111,92,R,S,0.0516,101
101,82,K,V,0.0517,53
402,383,R,T,0.0517,18
244,225,D,T,0.0524,27
287,268,M,I,0.0533,69
27,8,N,I,0.0535,43
156,137,F,A,0.0547,19
522,503,K,E,0.0571,15
291,272,A,V,0.0577,10
192,173,Q,A,0.0583,19
125,106,A,Q,0.0587,11
65,46,S,N,0.0591,28
73,54,S,Q,0.0608,33
495,476,A,M,0.0616,22
67,48,I,Y,0.0619,21
22,3,I,N,0.0622,28
465,446,K,H,0.0626,15
298,279,S,N,0.0632,27
44,25,I,H,0.0636,23
284,265,S,A,0.0639,19
345,326,K,A,0.0640,30
211,192,I,R,0.0642,63
387,368,K,Y,0.0656,39
423,404,G,P,0.0660,13
69,50,E,S,0.0661,35
511,492,R,M,0.0663,6
261,242,I,S,0.0670,74
460,441,D,E,0.0676,4
101,82,K,S,0.0683,33
442,423,Y,A,0.0692,6
377,358,S,V,0.0703,40
182,163,A,Q,0.0719,53
508,489,N,H,0.0725,13
102,83,K,N,0.0729,49
464,445,N,Q,0.0731,14
102,83,K,H,0.0733,31
202,183,H,F,0.0736,4
141,122,N,F,0.0755,26
220,201,R,N,0.0763,17
182,163,A,H,0.0764,45
509,490,V,H,0.0772,6
205,186,G,D,0.0775,69
297,278,K,E,0.0777,19
462,443,E,F,0.0792,10
342,323,V,F,0.0803,23
489,470,Y,F,0.0810,23
54,35,E,A,0.0812,21
347,328,T,P,0.0812,40
239,220,R,A,0.0816,30
352,333,G,K,0.0827,19
525,506,E,D,0.0840,2
383,364,A,V,0.0841,37
393,374,I,E,0.0849,28
366,347,V,L,0.0850,73
212,193,S,M,0.0855,29
496,477,C,Y,0.0857,4
66,47,S,*,0.0868,24
157,138,S,A,0.0881,44
241,222,R,F,0.0898,26
28,9,S,L,0.0898,10
205,186,G,A,0.0899,60
391,372,A,E,0.0904,19
161,142,G,E,0.0908,22
382,363,Q,T,0.0911,82
26,7,D,T,0.0912,28
68,49,G,A,0.0914,13
405,386,G,N,0.0914,14
506,487,D,M,0.0921,2
498,479,G,F,0.0940,2
231,212,A,T,0.0941,30
402,383,R,M,0.0942,14
263,244,L,F,0.0955,97
393,374,I,V,0.0963,39
216,197,Q,K,0.0968,86
406,387,K,D,0.0976,9
375,356,Q,W,0.0983,16
406,387,K,T,0.0992,17
288,269,R,T,0.0996,35
434,415,D,G,0.1015,14
421,402,V,N,0.1015,17
88,69,A,I,0.1024,67
366,347,V,M,0.1027,64
433,414,E,*,0.1035,1
333,314,L,M,0.1050,8
247,228,S,A,0.1051,17
472,453,K,E,0.1059,11
154,135,K,N,0.1069,59
281,262,S,Y,0.1070,44
405,386,G,V,0.1079,9
363,344,E,S,0.1085,27
363,344,E,N,0.1094,29
395,376,Q,Y,0.1097,13
65,46,S,L,0.1098,17
310,291,D,S,0.1099,9
179,160,T,N,0.1111,56
107,88,V,I,0.1112,39
238,219,S,E,0.1118,32
394,375,D,S,0.1123,38
491,472,K,Q,0.1127,36
212,193,S,L,0.1136,76
46,27,K,H,0.1140,36
46,27,K,S,0.1146,22
216,197,Q,C,0.1147,19
303,284,P,T,0.1148,1
133,114,S,T,0.1149,22
22,3,I,H,0.1156,16
31,12,T,V,0.1158,10
140,121,K,M,0.1165,58
211,192,I,M,0.1178,57
150,131,T,N,0.1181,80
27,8,N,K,0.1195,33
235,216,N,M,0.1207,56
345,326,K,I,0.1213,63
387,368,K,Q,0.1215,53
120,101,D,E,0.1219,68
297,278,K,Q,0.1224,13
299,280,E,M,0.1224,9
39,20,V,F,0.1226,8
238,219,S,T,0.1230,24
491,472,K,P,0.1232,14
346,327,Q,R,0.1235,27
377,358,S,H,0.1238,31
226,207,K,M,0.1247,21
24,5,G,P,0.1248,15
133,114,S,M,0.1256,12
426,407,Q,M,0.1276,17
523,504,G,K,0.1279,12
122,103,P,N,0.1279,31
209,190,D,Q,0.1283,4
480,461,D,N,0.1283,24
461,442,S,G,0.1286,11
163,144,S,V,0.1295,46
405,386,G,Y,0.1301,26
449,430,A,Q,0.1305,17
406,387,K,H,0.1307,13
343,324,P,A,0.1315,22
263,244,L,I,0.1319,87
363,344,E,D,0.1319,123
404,385,I,V,0.1323,12
299,280,E,Q,0.1326,23
405,386,G,Q,0.1326,13
140,121,K,F,0.1327,54
326,307,R,S,0.1328,23
523,504,G,A,0.1329,11
182,163,A,T,0.1330,60
377,358,S,L,0.1336,40
51,32,D,P,0.1341,19
211,192,I,C,0.1344,8
465,446,K,S,0.1355,28
239,220,R,Q,0.1355,46
208,189,K,I,0.1364,42
58,39,A,S,0.1364,19
217,198,S,E,0.1372,65
122,103,P,H,0.1372,43
231,212,A,D,0.1374,59
216,197,Q,G,0.1379,41
299,280,E,V,0.1385,18
27,8,N,H,0.1397,17
178,159,Y,H,0.1406,77
44,25,I,Y,0.1409,29
280,261,R,Q,0.1415,79
163,144,S,D,0.1418,39
281,262,S,D,0.1424,44
281,262,S,H,0.1428,38
405,386,G,E,0.1430,16
156,137,F,S,0.1433,89
140,121,K,W,0.1450,21
28,9,S,T,0.1454,13
161,142,G,A,0.1463,32
75,56,H,Y,0.1468,32
176,157,L,M,0.1480,37
243,224,R,K,0.1484,46
512,493,D,A,0.1492,13
261,242,I,T,0.1511,68
366,347,V,N,0.1516,68
298,279,S,M,0.1516,24
294,275,G,K,0.1522,15
150,131,T,M,0.1530,14
342,323,V,Y,0.1540,24
481,462,M,I,0.1545,46
298,279,S,G,0.1551,19
24,5,G,H,0.1554,21
207,188,D,Q,0.1557,21
217,198,S,D,0.1558,38
297,278,K,L,0.1573,20
298,279,S,K,0.1582,27
395,376,Q,S,0.1593,11
393,374,I,Q,0.1597,30
31,12,T,M,0.1605,18
345,326,K,S,0.1619,38
178,159,Y,W,0.1630,30
521,502,I,L,0.1649,18
311,292,K,R,0.1655,57
190,171,K,Y,0.1672,47
520,501,Q,W,0.1674,14
380,361,R,Q,0.1680,25
227,208,R,L,0.1680,41
261,242,I,M,0.1691,49
218,199,S,D,0.1699,34
288,269,R,Q,0.1707,23
363,344,E,F,0.1707,39
406,387,K,A,0.1715,14
124,105,Y,L,0.1722,17
100,81,N,G,0.1726,32
326,307,R,A,0.1735,13
323,304,A,T,0.1741,18
66,47,S,F,0.1747,42
163,144,S,E,0.1748,43
342,323,V,C,0.1753,7
263,244,L,Q,0.1760,51
299,280,E,I,0.1760,26
425,406,V,I,0.1766,65
32,13,L,M,0.1782,2
147,128,A,C,0.1783,2
458,439,L,V,0.1785,26
49,30,T,E,0.1804,12
515,496,L,M,0.1815,27
216,197,Q,T,0.1816,77
40,21,P,R,0.1818,16
208,189,K,L,0.1830,30
113,94,Y,F,0.1831,52
63,44,Q,V,0.1834,8
310,291,D,G,0.1856,25
231,212,A,I,0.1862,33
352,333,G,S,0.1874,33
235,216,N,D,0.1875,58
59,40,T,V,0.1882,11
411,392,F,Y,0.1884,22
220,201,R,W,0.1885,27
25,6,N,P,0.1894,28
519,500,F,W,0.1895,11
207,188,D,V,0.1926,11
24,5,G,Y,0.1931,17
215,196,A,V,0.1947,12
420,401,E,Q,0.1981,25
51,32,D,S,0.1984,16
49,30,T,L,0.1996,17
211,192,I,V,0.2005,61
27,8,N,L,0.2007,22
409,390,E,S,0.2021,24
288,269,R,L,0.2022,16
363,344,E,*,0.2026,11
461,442,S,K,0.2052,20
318,299,R,M,0.2059,71
495,476,A,S,0.2067,15
298,279,S,Y,0.2074,35
391,372,A,F,0.2074,27
22,3,I,F,0.2078,28
559,540,Q,H,0.2099,4
472,453,K,Q,0.2104,22
98,79,F,L,0.2105,63
52,33,R,A,0.2121,12
288,269,R,H,0.2122,12
523,504,G,V,0.2133,16
239,220,R,M,0.2156,30
220,201,R,G,0.2158,46
29,10,T,Y,0.2162,24
326,307,R,W,0.2172,19
218,199,S,V,0.2180,14
413,394,Q,R,0.2186,5
288,269,R,I,0.2200,50
520,501,Q,L,0.2207,9
59,40,T,Y,0.2210,9
243,224,R,L,0.2221,1
233,214,I,S,0.2222,40
318,299,R,H,0.2226,48
391,372,A,W,0.2226,25
516,497,N,M,0.2228,20
69,50,E,L,0.2233,28
69,50,E,M,0.2243,30
450,431,L,T,0.2245,15
202,183,H,M,0.2247,1
211,192,I,H,0.2266,57
115,96,N,Y,0.2278,15
64,45,N,R,0.2281,6
491,472,K,H,0.2299,26
450,431,L,M,0.2300,59
113,94,Y,K,0.2302,52
245,226,I,M,0.2304,37
516,497,N,K,0.2305,21
419,400,S,M,0.2346,16
299,280,E,L,0.2347,19
43,24,T,H,0.2354,25
164,145,S,E,0.2367,17
375,356,Q,V,0.2371,23
205,186,G,C,0.2395,43
398,379,G,H,0.2414,16
212,193,S,D,0.2418,61
424,405,R,C,0.2426,7
395,376,Q,K,0.2440,52
143,124,S,Y,0.2445,53
246,227,P,Q,0.2454,33
237,218,G,V,0.2462,39
216,197,Q,D,0.2468,10
43,24,T,Y,0.2477,16
393,374,I,H,0.2500,24
316,297,V,L,0.2513,21
163,144,S,F,0.2534,5
54,35,E,S,0.2534,11
380,361,R,M,0.2541,30
460,441,D,G,0.2542,1
143,124,S,L,0.2544,20
228,209,S,T,0.2552,43
147,128,A,R,0.2579,24
231,212,A,E,0.2590,53
520,501,Q,T,0.2592,30
413,394,Q,S,0.2600,36
323,304,A,S,0.2605,47
298,279,S,F,0.2612,50
96,77,D,E,0.2612,37
418,399,F,E,0.2616,12
405,386,G,L,0.2617,28
464,445,N,E,0.2620,19
516,497,N,I,0.2624,24
429,410,E,G,0.2638,6
226,207,K,T,0.2640,31
442,423,Y,F,0.2642,12
420,401,E,F,0.2650,18
69,50,E,P,0.2667,17
263,244,L,A,0.2667,57
46,27,K,T,0.2675,21
407,388,T,S,0.2678,18
286,267,I,V,0.2680,15
238,219,S,Y,0.2682,45
539,520,F,I,0.2682,1
64,45,N,H,0.2688,21
235,216,N,L,0.2690,50
141,122,N,P,0.2694,29
28,9,S,P,0.2695,8
430,411,K,E,0.2695,44
188,169,P,L,0.2698,1
237,218,G,Y,0.2704,38
21,2,K,R,0.2705,1
121,102,V,I,0.2706,46
234,215,P,T,0.2711,38
472,453,K,H,0.2714,17
99,80,Q,A,0.2714,30
177,158,N,K,0.2715,7
387,368,K,E,0.2719,52
237,218,G,R,0.2721,4
310,291,D,A,0.2721,8
297,278,K,M,0.2723,29
369,350,W,L,0.2746,5
175,156,H,S,0.2747,27
125,106,A,M,0.2748,28
392,373,A,T,0.2751,35
520,501,Q,A,0.2753,12
152,133,N,D,0.2759,27
182,163,A,S,0.2763,66
396,377,I,L,0.2780,22
387,368,K,P,0.2780,34
234,215,P,A,0.2783,29
241,222,R,I,0.2792,37
430,411,K,Y,0.2794,36
473,454,Q,N,0.2798,12
404,385,I,M,0.2810,8
29,10,T,I,0.2829,12
239,220,R,K,0.2854,62
133,114,S,A,0.2860,11
538,519,S,F,0.2882,1
212,193,S,E,0.2887,45
515,496,L,V,0.2887,19
143,124,S,N,0.2889,32
75,56,H,I,0.2896,16
397,378,N,G,0.2916,26
237,218,G,A,0.2937,21
122,103,P,V,0.2942,76
516,497,N,E,0.2944,26
501,482,R,M,0.2999,36
472,453,K,W,0.3042,16
465,446,K,I,0.3043,5
69,50,E,A,0.3047,14
285,266,S,T,0.3059,27
243,224,R,D,0.3063,21
115,96,N,D,0.3075,17
512,493,D,K,0.3077,10
41,22,N,Y,0.3084,21
51,32,D,T,0.3087,7
113,94,Y,Q,0.3103,25
179,160,T,K,0.3106,157
64,45,N,T,0.3111,13
188,169,P,S,0.3120,14
65,46,S,Q,0.3122,11
387,368,K,W,0.3124,26
395,376,Q,G,0.3124,31
182,163,A,I,0.3127,40
145,126,N,D,0.3150,44
178,159,Y,K,0.3169,68
220,201,R,K,0.3172,39
69,50,E,Q,0.3175,43
392,373,A,V,0.3186,25
283,264,K,A,0.3194,14
380,361,R,W,0.3203,19
125,106,A,E,0.3221,30
67,48,I,F,0.3221,16
242,223,I,R,0.3253,24
176,157,L,F,0.3254,13
208,189,K,E,0.3279,51
430,411,K,N,0.3281,32
434,415,D,T,0.3302,20
64,45,N,G,0.3305,18
461,442,S,W,0.3320,12
250,231,S,D,0.3330,27
246,227,P,D,0.3340,34
422,403,E,A,0.3343,26
280,261,R,D,0.3343,7
280,261,R,V,0.3348,44
122,103,P,M,0.3355,66
67,48,I,R,0.3361,29
248,229,R,I,0.3372,11
207,188,D,S,0.3397,36
69,50,E,N,0.3400,17
347,328,T,M,0.3405,47
161,142,G,S,0.3405,20
207,188,D,Y,0.3434,47
46,27,K,R,0.3455,32
405,386,G,H,0.3469,18
219,200,G,T,0.3472,38
102,83,K,S,0.3475,50
419,400,S,H,0.3484,11
394,375,D,M,0.3491,17
24,5,G,L,0.3491,21
25,6,N,Y,0.3493,45
330,311,Q,M,0.3495,1
22,3,I,R,0.3497,17
289,270,S,T,0.3503,59
508,489,N,E,0.3505,19
239,220,R,W,0.3505,52
238,219,S,N,0.3508,24
216,197,Q,R,0.3520,118
386,367,L,K,0.3524,24
176,157,L,K,0.3529,36
234,215,P,S,0.3532,41
261,242,I,E,0.3534,46
399,380,K,A,0.3537,26
64,45,N,S,0.3556,9
43,24,T,M,0.3566,19
67,48,I,S,0.3570,29
67,48,I,N,0.3574,46
498,479,G,I,0.3576,27
150,131,T,Q,0.3598,24
365,346,M,L,0.3611,29
227,208,R,T,0.3615,33
57,38,N,M,0.3629,30
409,390,E,V,0.3634,59
241,222,R,L,0.3650,38
234,215,P,I,0.3652,31
464,445,N,T,0.3676,9
437,418,I,T,0.3698,27
487,468,K,Y,0.3704,15
227,208,R,K,0.3716,35
133,114,S,Q,0.3723,5
190,171,K,*,0.3731,8
487,468,K,H,0.3769,26
248,229,R,F,0.3769,21
386,367,L,R,0.3779,33
133,114,S,K,0.3785,11
498,479,G,A,0.3794,23
208,189,K,S,0.3794,28
205,186,G,F,0.3797,5
56,37,T,Y,0.3802,3
508,489,N,M,0.3805,14
48,29,I,V,0.3809,7
307,288,I,L,0.3810,28
27,8,N,W,0.3820,13
22,3,I,D,0.3826,16
133,114,S,L,0.3827,5
328,309,V,I,0.3835,23
110,91,S,N,0.3835,74
65,46,S,D,0.3845,14
63,44,Q,G,0.3854,4
387,368,K,G,0.3863,35
67,48,I,M,0.3891,9
330,311,Q,H,0.3896,68
456,437,I,L,0.3930,38
501,482,R,Y,0.3945,18
487,468,K,L,0.3950,28
366,347,V,C,0.3979,33
409,390,E,L,0.3990,14
53,34,I,V,0.3993,23
57,38,N,R,0.4000,45
178,159,Y,S,0.4016,157
46,27,K,A,0.4017,25
464,445,N,M,0.4022,8
456,437,I,V,0.4028,9
50,31,N,E,0.4033,18
515,496,L,I,0.4044,26
522,503,K,Y,0.4060,19
439,420,L,M,0.4063,26
294,275,G,M,0.4074,14
34,15,L,V,0.4077,12
27,8,N,P,0.4080,16
51,32,D,L,0.4084,13
227,208,R,N,0.4095,33
444,425,A,T,0.4101,1
205,186,G,W,0.4103,7
113,94,Y,G,0.4105,30
235,216,N,H,0.4114,71
65,46,S,Y,0.4114,17
126,107,S,D,0.4127,25
27,8,N,D,0.4131,32
29,10,T,H,0.4172,10
238,219,S,A,0.4173,17
49,30,T,K,0.4181,21
67,48,I,D,0.4192,17
246,227,P,I,0.4197,44
252,233,Y,H,0.4201,53
43,24,T,A,0.4218,23
240,221,P,S,0.4223,2
111,92,R,D,0.4242,55
211,192,I,Y,0.4256,109
44,25,I,W,0.4269,24
237,218,G,D,0.4271,35
316,297,V,E,0.4286,1
467,448,F,W,0.4295,22
281,262,S,Q,0.4298,16
243,224,R,N,0.4298,14
330,311,Q,F,0.4308,25
151,132,Q,K,0.4319,2
295,276,K,Q,0.4320,47
67,48,I,G,0.4326,29
419,400,S,*,0.4340,7
520,501,Q,V,0.4346,11
395,376,Q,V,0.4349,25
503,484,E,N,0.4368,9
111,92,R,T,0.4386,83
25,6,N,I,0.4401,27
217,198,S,M,0.4404,59
176,157,L,T,0.4409,18
217,198,S,P,0.4410,54
38,19,A,N,0.4410,24
37,18,H,I,0.4418,26
413,394,Q,E,0.4445,24
162,143,S,G,0.4448,14
23,4,P,K,0.4461,24
397,378,N,D,0.4468,16
113,94,Y,R,0.4472,28
221,202,I,V,0.4474,27
106,87,F,Y,0.4477,30
243,224,R,G,0.4485,7
156,137,F,Y,0.4495,45
53,34,I,Q,0.4537,20
81,62,G,H,0.4542,9
51,32,D,A,0.4542,13
299,280,E,P,0.4551,8
55,36,V,I,0.4554,2
164,145,S,P,0.4564,42
163,144,S,Q,0.4565,39
523,504,G,I,0.4567,9
59,40,T,F,0.4575,25
297,278,K,T,0.4576,15
522,503,K,A,0.4585,19
151,132,Q,E,0.4593,60
52,33,R,W,0.4605,17
517,498,N,V,0.4606,8
52,33,R,Y,0.4608,26
111,92,R,*,0.4609,29
218,199,S,L,0.4632,31
81,62,G,Y,0.4634,3
218,199,S,K,0.4635,30
102,83,K,W,0.4636,2
203,184,H,N,0.4663,86
410,391,K,H,0.4685,18
372,353,F,Y,0.4688,56
140,121,K,Y,0.4698,72
499,480,S,Q,0.4701,12
331,312,N,K,0.4721,32
227,208,R,Q,0.4726,38
343,324,P,R,0.4756,37
413,394,Q,H,0.4764,38
344,325,E,S,0.4765,34
512,493,D,Y,0.4772,25
430,411,K,R,0.4775,36
393,374,I,A,0.4807,18
397,378,N,I,0.4812,1
157,138,S,*,0.4815,33
178,159,Y,N,0.4822,99
318,299,R,P,0.4827,24
412,393,H,N,0.4845,15
326,307,R,Q,0.4857,16
227,208,R,E,0.4859,31
150,131,T,D,0.4876,9
126,107,S,N,0.4881,31
28,9,S,V,0.4888,5
457,438,D,E,0.4903,25
342,323,V,R,0.4920,44
212,193,S,A,0.4922,78
408,389,N,S,0.4933,10
76,57,Q,D,0.4940,19
58,39,A,D,0.4952,7
354,335,I,L,0.4969,18
387,368,K,V,0.4982,37
361,342,G,V,0.4983,1
207,188,D,M,0.4988,32
147,128,A,S,0.4996,44
40,21,P,N,0.5009,14
205,186,G,S,0.5012,35
426,407,Q,H,0.5013,3
59,40,T,L,0.5021,16
246,227,P,N,0.5025,30
67,48,I,K,0.5032,39
466,447,L,M,0.5044,1
22,3,I,M,0.5060,46
447,428,L,A,0.5062,30
366,347,V,T,0.5064,47
462,443,E,S,0.5073,8
345,326,K,H,0.5081,32
515,496,L,F,0.5095,28
309,290,N,G,0.5095,19
473,454,Q,T,0.5097,22
147,128,A,I,0.5104,23
143,124,S,Q,0.5105,29
342,323,V,H,0.5110,27
463,444,M,I,0.5118,2
469,450,K,T,0.5118,19
318,299,R,Q,0.5119,33
345,326,K,M,0.5120,14
508,489,N,R,0.5126,16
329,310,K,T,0.5128,15
283,264,K,S,0.5151,29
208,189,K,Y,0.5157,30
190,171,K,E,0.5177,9
48,29,I,W,0.5196,10
297,278,K,N,0.5199,37
423,404,G,R,0.5210,2
184,165,N,E,0.5212,25
182,163,A,P,0.5220,22
239,220,R,L,0.5229,21
163,144,S,I,0.5233,19
380,361,R,S,0.5241,38
219,200,G,N,0.5259,14
207,188,D,A,0.5262,34
242,223,I,V,0.5275,34
94,75,Q,*,0.5283,1
345,326,K,Y,0.5283,41
419,400,S,P,0.5295,11
377,358,S,C,0.5312,40
27,8,N,G,0.5318,17
114,95,S,N,0.5331,1
94,75,Q,G,0.5332,55
388,369,S,I,0.5336,2
67,48,I,Q,0.5352,22
408,389,N,D,0.5355,13
94,75,Q,A,0.5361,61
420,401,E,S,0.5373,11
28,9,S,G,0.5379,12
365,346,M,F,0.5380,74
299,280,E,A,0.5382,22
77,58,I,V,0.5387,18
391,372,A,D,0.5393,12
27,8,N,T,0.5395,8
257,238,K,Q,0.5403,26
18,-2,D,E,0.5404,1
472,453,K,D,0.5420,23
239,220,R,S,0.5426,26
81,62,G,W,0.5428,14
413,394,Q,K,0.5430,1
229,210,Q,K,0.5441,13
380,361,R,V,0.5455,26
520,501,Q,R,0.5457,22
397,378,N,W,0.5459,10
334,315,K,L,0.5463,2
246,227,P,H,0.5464,92
512,493,D,Q,0.5467,17
516,497,N,Q,0.5477,17
140,121,K,L,0.5479,36
439,420,L,I,0.5480,43
438,419,D,E,0.5486,23
53,34,I,M,0.5488,17
94,75,Q,R,0.5501,5
509,490,V,F,0.5504,9
182,163,A,Y,0.5509,59
46,27,K,N,0.5517,27
161,142,G,F,0.5524,7
525,506,E,*,0.5536,4
508,489,N,D,0.5542,21
331,312,N,A,0.5543,16
409,390,E,M,0.5546,17
297,278,K,W,0.5551,36
432,413,V,I,0.5555,22
390,371,Q,K,0.5567,3
60,41,E,*,0.5605,3
23,4,P,T,0.5611,23
206,187,T,D,0.5622,39
332,313,T,H,0.5636,17
461,442,S,E,0.5642,38
386,367,L,Q,0.5647,33
512,493,D,R,0.5648,13
433,414,E,D,0.5657,17
308,289,P,H,0.5667,33
395,376,Q,E,0.5681,41
133,114,S,G,0.5685,2
115,96,N,T,0.5686,48
76,57,Q,R,0.5726,46
347,328,T,V,0.5745,26
277,258,F,Y,0.5752,75
192,173,Q,M,0.5759,5
283,264,K,G,0.5762,33
157,138,S,H,0.5777,19
122,103,P,W,0.5788,63
25,6,N,D,0.5793,35
183,164,L,Q,0.5807,56
63,44,Q,W,0.5820,9
522,503,K,S,0.5858,23
64,45,N,L,0.5876,11
24,5,G,*,0.5879,5
69,50,E,C,0.5890,18
394,375,D,Q,0.5903,11
422,403,E,M,0.5907,28
179,160,T,P,0.5918,10
211,192,I,*,0.5922,13
298,279,S,Q,0.5932,22
390,371,Q,A,0.5939,17
339,320,M,I,0.5947,3
138,119,E,V,0.5961,1
283,264,K,N,0.5965,42
373,354,R,K,0.5971,1
323,304,A,V,0.5985,6
31,12,T,I,0.6009,9
40,21,P,V,0.6083,15
64,45,N,D,0.6092,24
67,48,I,H,0.6098,24
44,25,I,V,0.6105,10
176,157,L,E,0.6110,32
126,107,S,G,0.6114,24
235,216,N,F,0.6119,30
140,121,K,C,0.6121,10
279,260,I,M,0.6142,48
238,219,S,V,0.6153,30
122,103,P,I,0.6155,42
506,487,D,E,0.6181,1
53,34,I,T,0.6201,24
378,359,E,D,0.6201,57
423,404,G,V,0.6227,24
82,63,N,S,0.6227,1
294,275,G,I,0.6233,26
498,479,G,K,0.6243,15
318,299,R,T,0.6244,40
205,186,G,V,0.6245,42
218,199,S,A,0.6260,52
50,31,N,M,0.6270,7
30,11,A,V,0.6280,8
211,192,I,L,0.6281,133
507,488,H,T,0.6292,2
377,358,S,G,0.6298,36
449,430,A,K,0.6331,45
206,187,T,S,0.6337,109
23,4,P,L,0.6345,24
190,171,K,H,0.6350,32
216,197,Q,H,0.6362,85
192,173,Q,S,0.6368,19
387,368,K,I,0.6375,78
57,38,N,S,0.6378,24
540,521,A,V,0.6399,4
157,138,S,D,0.6418,14
516,497,N,Y,0.6434,14
521,502,I,V,0.6438,12
207,188,D,F,0.6449,30
299,280,E,T,0.6451,28
205,186,G,R,0.6466,24
222,203,T,M,0.6467,10
283,264,K,D,0.6491,11
157,138,S,Y,0.6498,23
479,460,E,*,0.6511,1
372,353,F,W,0.6526,33
449,430,A,N,0.6534,21
391,372,A,N,0.6544,20
351,332,F,L,0.6548,34
73,54,S,A,0.6551,11
113,94,Y,M,0.6571,18
509,490,V,S,0.6585,5
57,38,N,D,0.6589,20
27,8,N,R,0.6598,21
49,30,T,A,0.6603,7
56,37,T,C,0.6609,11
164,145,S,W,0.6638,7
297,278,K,R,0.6641,27
519,500,F,M,0.6643,5
266,247,S,A,0.6652,36
233,214,I,K,0.6655,27
476,457,E,D,0.6658,1
164,145,S,A,0.6667,27
42,23,G,*,0.6696,14
326,307,R,G,0.6698,1
288,269,R,K,0.6698,48
462,443,E,A,0.6705,24
28,9,S,F,0.6715,11
25,6,N,F,0.6717,27
418,399,F,Y,0.6736,23
54,35,E,K,0.6754,1
76,57,Q,E,0.6761,32
238,219,S,I,0.6777,26
391,372,A,Y,0.6784,20
471,452,K,S,0.6810,9
23,4,P,G,0.6823,16
141,122,N,L,0.6836,42
430,411,K,Q,0.6838,48
190,171,K,D,0.6851,14
24,5,G,Q,0.6853,26
147,128,A,Q,0.6855,14
388,369,S,H,0.6865,29
54,35,E,Q,0.6874,14
65,46,S,W,0.6878,22
434,415,D,Y,0.6938,3
76,57,Q,A,0.6939,19
462,443,E,T,0.6942,12
52,33,R,Q,0.6951,31
102,83,K,T,0.6961,69
279,260,I,T,0.6970,1
543,524,C,L,0.6981,1
233,214,I,E,0.7023,28
398,379,G,D,0.7028,19
64,45,N,A,0.7037,19
352,333,G,M,0.7041,34
52,33,R,K,0.7041,15
141,122,N,V,0.7046,19
458,439,L,F,0.7050,34
377,358,S,M,0.7052,36
377,358,S,E,0.7056,53
375,356,Q,D,0.7063,38
464,445,N,G,0.7066,10
69,50,E,I,0.7072,18
50,31,N,Y,0.7076,13
559,540,Q,K,0.7092,10
398,379,G,Y,0.7101,6
428,409,L,N,0.7112,14
110,91,S,T,0.7118,22
454,435,H,M,0.7123,11
162,143,S,D,0.7126,20
80,61,G,*,0.7131,16
161,142,G,L,0.7136,6
472,453,K,N,0.7168,37
243,224,R,H,0.7169,23
238,219,S,F,0.7182,29
209,190,D,A,0.7221,12
233,214,I,A,0.7252,18
331,312,N,S,0.7256,68
383,364,A,S,0.7276,35
56,37,T,I,0.7307,35
409,390,E,I,0.7334,16
509,490,V,D,0.7345,7
323,304,A,K,0.7350,46
222,203,T,E,0.7357,26
243,224,R,W,0.7360,16
450,431,L,W,0.7371,10
143,124,S,I,0.7373,38
295,276,K,V,0.7379,5
52,33,R,G,0.7402,23
426,407,Q,K,0.7404,8
297,278,K,I,0.7406,34
239,220,R,H,0.7417,31
398,379,G,W,0.7446,16
23,4,P,Y,0.7463,13
522,503,K,V,0.7472,17
469,450,K,G,0.7491,10
541,522,I,T,0.7496,1
94,75,Q,N,0.7510,70
113,94,Y,V,0.7510,33
23,4,P,N,0.7532,37
498,479,G,D,0.7537,25
161,142,G,P,0.7551,2
49,30,T,H,0.7566,12
468,449,E,V,0.7568,15
253,234,W,F,0.7569,60
349,330,G,V,0.7583,1
345,326,K,N,0.7608,2
326,307,R,M,0.7615,33
140,121,K,P,0.7624,1
73,54,S,E,0.7647,15
211,192,I,K,0.7651,59
26,7,D,E,0.7652,24
430,411,K,L,0.7656,18
323,304,A,D,0.7680,36
112,93,A,V,0.7698,17
52,33,R,D,0.7729,18
59,40,T,Q,0.7732,10
23,4,P,V,0.7739,17
122,103,P,Q,0.7743,55
147,128,A,L,0.7769,34
75,56,H,L,0.7787,28
405,386,G,W,0.7802,11
279,260,I,L,0.7810,61
342,323,V,T,0.7845,16
126,107,S,W,0.7852,9
29,10,T,C,0.7882,5
419,400,S,D,0.7885,21
459,440,T,F,0.7904,35
81,62,G,E,0.7913,78
186,167,T,S,0.7949,23
394,375,D,G,0.7950,30
413,394,Q,T,0.7976,28
163,144,S,*,0.7987,27
465,446,K,A,0.7994,12
49,30,T,N,0.8003,15
437,418,I,V,0.8015,24
393,374,I,T,0.8018,40
350,331,I,V,0.8059,23
24,5,G,M,0.8076,30
66,47,S,I,0.8077,19
413,394,Q,G,0.8145,13
551,532,L,I,0.8163,2
342,323,V,I,0.8205,31
25,6,N,M,0.8210,27
44,25,I,L,0.8216,10
560,541,K,I,0.8218,1
498,479,G,T,0.8218,17
185,166,V,A,0.8235,31
239,220,R,T,0.8244,31
59,40,T,A,0.8254,19
150,131,T,A,0.8367,41
147,128,A,Y,0.8395,10
236,217,I,Q,0.8407,11
346,327,Q,S,0.8414,29
140,121,K,N,0.8473,106
344,325,E,D,0.8487,32
420,401,E,D,0.8487,15
147,128,A,W,0.8516,6
245,226,I,L,0.8535,8
295,276,K,S,0.8541,34
175,156,H,A,0.8549,24
154,135,K,S,0.8560,51
164,145,S,T,0.8590,13
461,442,S,Q,0.8600,19
501,482,R,C,0.8625,3
133,114,S,R,0.8639,11
326,307,R,H,0.8642,20
310,291,D,E,0.8644,15
113,94,Y,W,0.8654,17
157,138,S,I,0.8659,4
40,21,P,K,0.8690,11
192,173,Q,Y,0.8779,15
238,219,S,M,0.8801,44
449,430,A,L,0.8861,12
22,3,I,T,0.8877,9
386,367,L,F,0.8883,35
111,92,R,Y,0.8893,64
419,400,S,R,0.8908,12
473,454,Q,S,0.8909,19
22,3,I,G,0.8910,12
57,38,N,Y,0.8931,9
233,214,I,Q,0.8954,21
227,208,R,F,0.9007,31
405,386,G,M,0.9109,27
140,121,K,H,0.9134,56
454,435,H,E,0.9143,47
469,450,K,L,0.9155,13
366,347,V,F,0.9217,69
298,279,S,C,0.9223,6
377,358,S,Y,0.9226,44
464,445,N,C,0.9257,6
284,265,S,G,0.9260,4
26,7,D,V,0.9280,11
375,356,Q,A,0.9307,41
102,83,K,F,0.9313,4
509,490,V,M,0.9321,13
241,222,R,K,0.9326,52
217,198,S,T,0.9327,50
57,38,N,E,0.9355,30
491,472,K,Y,0.9365,16
531,512,K,I,0.9372,1
63,44,Q,I,0.9402,14
209,190,D,V,0.9424,10
99,80,Q,K,0.9424,24
498,479,G,H,0.9433,19
450,431,L,I,0.9445,21
63,44,Q,F,0.9575,10
288,269,R,G,0.9595,2
400,381,L,I,0.9596,4
412,393,H,R,0.9602,1
536,517,W,L,0.9653,10
22,3,I,W,0.9658,6
418,399,F,L,0.9660,5
49,30,T,M,0.9683,17
333,314,L,I,0.9691,24
111,92,R,Q,0.9708,67
122,103,P,R,0.9722,23
122,103,P,F,0.9768,37
164,145,S,K,0.9820,10
409,390,E,R,0.9912,10
315,296,N,H,0.9916,9
522,503,K,C,0.9934,4
217,198,S,Q,0.9941,63
465,446,K,R,0.9953,20
489,470,Y,C,0.9966,1
113,94,Y,S,0.9967,26
65,46,S,G,0.9968,30
407,388,T,V,0.9986,19
470,451,T,V,1.0049,24
28,9,S,K,1.0050,10
50,31,N,H,1.0093,29
229,210,Q,V,1.0096,24
498,479,G,N,1.0110,15
498,479,G,V,1.0147,15
69,50,E,T,1.0185,36
154,135,K,Q,1.0187,33
175,156,H,G,1.0220,13
26,7,D,G,1.0229,20
37,18,H,Q,1.0274,28
397,378,N,E,1.0278,8
47,28,T,S,1.0289,24
143,124,S,E,1.0293,48
30,11,A,S,1.0322,2
24,5,G,S,1.0326,23
280,261,R,N,1.0341,69
481,462,M,Q,1.0342,12
347,328,T,F,1.0381,50
147,128,A,N,1.0401,22
241,222,R,A,1.0435,17
111,92,R,G,1.0440,70
22,3,I,A,1.0441,8
96,77,D,Y,1.0467,1
233,214,I,V,1.0541,15
29,10,T,K,1.0561,5
391,372,A,H,1.0576,15
321,302,Y,H,1.0605,1
480,461,D,Y,1.0616,1
143,124,S,F,1.0665,48
53,34,I,E,1.0666,18
24,5,G,E,1.0708,31
162,143,S,A,1.0738,9
63,44,Q,E,1.0747,15
18,-2,D,H,1.0782,1
51,32,D,M,1.0836,12
24,5,G,V,1.0861,21
487,468,K,R,1.0905,34
520,501,Q,D,1.0907,11
52,33,R,V,1.0941,10
556,537,W,C,1.0949,8
382,363,Q,M,1.0950,44
524,505,V,F,1.0958,1
215,196,A,Q,1.0960,12
48,29,I,M,1.1041,10
545,526,L,I,1.1047,12
150,131,T,S,1.1084,64
101,82,K,N,1.1142,3
349,330,G,C,1.1228,3
26,7,D,N,1.1255,6
264,245,I,V,1.1268,2
298,279,S,A,1.1281,23
508,489,N,Q,1.1284,19
214,195,Y,N,1.1326,3
102,83,K,V,1.1349,6
331,312,N,E,1.1375,13
205,186,G,L,1.1398,11
495,476,A,R,1.1448,3
140,121,K,T,1.1448,73
212,193,S,H,1.1470,45
175,156,H,Q,1.1477,16
421,402,V,M,1.1549,18
81,62,G,Q,1.1595,13
216,197,Q,F,1.1605,15
557,538,A,T,1.1659,3
273,254,P,H,1.1662,3
552,533,G,V,1.1704,2
179,160,T,W,1.1769,7
178,159,Y,Q,1.1778,60
37,18,H,L,1.1811,1
280,261,R,*,1.1869,12
81,62,G,D,1.1879,12
472,453,K,M,1.1885,34
397,378,N,H,1.1885,12
146,127,W,L,1.1887,2
141,122,N,T,1.1921,25
536,517,W,C,1.1996,2
29,10,T,L,1.1999,12
35,16,G,V,1.2008,3
479,460,E,D,1.2054,9
291,272,A,M,1.2057,11
475,456,R,E,1.2125,3
520,501,Q,F,1.2211,19
342,323,V,S,1.2228,12
266,247,S,H,1.2241,7
208,189,K,Q,1.2246,47
512,493,D,H,1.2253,14
40,21,P,I,1.2269,24
162,143,S,T,1.2299,16
380,361,R,A,1.2360,27
27,8,N,Y,1.2384,33
241,222,R,Q,1.2404,24
552,533,G,C,1.2488,4
472,453,K,L,1.2516,15
283,264,K,H,1.2529,10
520,501,Q,K,1.2549,22
330,311,Q,P,1.2565,25
301,282,I,H,1.2578,22
516,497,N,C,1.2585,9
52,33,R,I,1.2597,21
320,301,T,H,1.2605,21
81,62,G,I,1.2629,12
182,163,A,M,1.2667,28
147,128,A,K,1.2670,18
397,378,N,A,1.2718,17
381,362,G,V,1.2836,1
162,143,S,K,1.2936,17
25,6,N,W,1.3010,6
311,292,K,L,1.3034,15
461,442,S,L,1.3110,8
508,489,N,T,1.3124,10
310,291,D,V,1.3155,16
329,310,K,H,1.3186,7
522,503,K,L,1.3202,11
163,144,S,C,1.3234,1
549,530,A,S,1.3248,2
177,158,N,G,1.3320,3
93,74,P,H,1.3445,2
29,10,T,V,1.3481,6
498,479,G,R,1.3502,9
425,406,V,Q,1.3508,6
429,410,E,*,1.3552,2
192,173,Q,P,1.3563,24
472,453,K,T,1.3659,16
192,173,Q,H,1.3672,25
400,381,L,P,1.3720,3
393,374,I,L,1.3720,27
204,185,P,T,1.3794,6
143,124,S,A,1.3859,45
501,482,R,V,1.3875,15
216,197,Q,P,1.3892,9
227,208,R,G,1.3942,32
207,188,D,N,1.3988,35
345,326,K,C,1.4025,9
217,198,S,H,1.4049,35
406,387,K,N,1.4081,31
517,498,N,H,1.4205,7
161,142,G,Q,1.4211,9
245,226,I,V,1.4294,25
197,178,Y,C,1.4325,1
280,261,R,M,1.4330,99
147,128,A,*,1.4335,6
418,399,F,D,1.4336,9
424,405,R,I,1.4409,2
216,197,Q,V,1.4411,44
381,362,G,*,1.4417,7
214,195,Y,T,1.4429,1
508,489,N,W,1.4459,4
352,333,G,T,1.4505,24
233,214,I,G,1.4543,4
194,175,D,E,1.4614,2
202,183,H,V,1.4625,3
41,22,N,H,1.4634,7
23,4,P,R,1.4644,25
28,9,S,A,1.4668,9
178,159,Y,D,1.4685,63
419,400,S,T,1.4732,13
122,103,P,K,1.4829,53
44,25,I,Q,1.4843,17
109,90,R,*,1.4888,5
282,263,G,V,1.4909,4
240,221,P,A,1.4942,11
406,387,K,R,1.4960,18
235,216,N,V,1.4964,43
419,400,S,G,1.5015,12
211,192,I,Q,1.5029,41
25,6,N,G,1.5170,15
55,36,V,C,1.5180,2
469,450,K,H,1.5201,11
345,326,K,D,1.5207,2
127,108,L,I,1.5239,5
295,276,K,R,1.5285,46
85,66,L,I,1.5343,1
535,516,L,Q,1.5368,1
42,23,G,V,1.5572,1
43,24,T,I,1.5594,10
67,48,I,L,1.5661,21
390,371,Q,R,1.5750,23
364,345,G,*,1.5759,15
444,425,A,S,1.5858,1
205,186,G,I,1.5907,23
397,378,N,Q,1.6005,14
217,198,S,V,1.6021,46
499,480,S,L,1.6093,3
303,284,P,Q,1.6101,4
363,344,E,G,1.6138,2
533,514,W,L,1.6543,5
498,479,G,S,1.6561,18
337,318,T,I,1.6570,3
378,359,E,G,1.6599,3
520,501,Q,P,1.6622,10
73,54,S,N,1.6625,24
231,212,A,G,1.6725,1
360,341,N,H,1.6785,20
523,504,G,Y,1.6806,5
319,300,I,H,1.6827,23
450,431,L,P,1.6831,2
289,270,S,*,1.6837,2
340,321,R,*,1.6859,4
184,165,N,K,1.6943,3
234,215,P,Q,1.6992,2
105,86,L,V,1.7029,17
25,6,N,E,1.7190,22
26,7,D,L,1.7243,4
52,33,R,N,1.7277,16
21,2,K,N,1.7320,3
207,188,D,L,1.7499,27
358,339,I,M,1.7553,2
133,114,S,V,1.7560,3
49,30,T,R,1.7576,23
51,32,D,Q,1.7594,12
145,126,N,S,1.7595,1
509,490,V,R,1.7632,10
270,251,L,F,1.7644,62
128,109,R,M,1.7664,4
243,224,R,A,1.7724,27
154,135,K,*,1.7753,19
431,412,Y,H,1.7802,1
473,454,Q,L,1.7934,17
150,131,T,F,1.8086,1
406,387,K,V,1.8273,9
512,493,D,V,1.8412,4
164,145,S,Q,1.8421,13
138,119,E,D,1.8658,1
469,450,K,D,1.9007,3
302,283,T,I,1.9060,1
465,446,K,L,1.9090,5
506,487,D,T,1.9122,1
50,31,N,G,1.9160,9
68,49,G,P,1.9270,7
210,191,Q,S,1.9272,7
88,69,A,V,1.9448,1
475,456,R,H,1.9686,1
508,489,N,I,1.9699,8
25,6,N,S,1.9993,11
489,470,Y,N,2.0149,5
56,37,T,A,2.0274,2
41,22,N,A,2.0924,8
33,14,C,Y,2.0927,1
516,497,N,V,2.1018,8
510,491,Y,W,2.1128,7
526,507,L,M,2.1323,5
153,134,G,*,2.1357,4
129,110,S,*,2.1387,7
310,291,D,I,2.1414,14
520,501,Q,S,2.1460,8
292,273,P,T,2.1709,1
309,290,N,S,2.1903,1
123,104,D,Y,2.2070,3
282,263,G,R,2.2219,3
81,62,G,L,2.2254,23
102,83,K,G,2.2289,3
355,336,A,T,2.2664,1
529,510,G,V,2.2738,2
113,94,Y,*,2.2815,1
407,388,T,N,2.2913,2
70,51,I,M,2.3361,1
186,167,T,A,2.3429,5
163,144,S,M,2.3719,10
208,189,K,G,2.3798,17
284,265,S,R,2.3912,3
548,529,V,I,2.4177,10
40,21,P,C,2.4300,6
148,129,G,*,2.4354,1
276,257,Y,H,2.4531,1
161,142,G,M,2.4581,9
542,523,S,Y,2.4817,4
549,530,A,E,2.4831,3
509,490,V,N,2.5090,5
57,38,N,F,2.5322,10
557,538,A,V,2.5424,6
27,8,N,V,2.5746,10
57,38,N,V,2.5752,1
283,264,K,E,2.5961,3
108,89,E,*,2.6290,3
531,512,K,E,2.6300,1
228,209,S,R,2.6344,1
20,1,Q,K,2.6678,1
480,461,D,G,2.7208,5
481,462,M,V,2.7241,1
287,268,M,L,2.7741,29
407,388,T,E,2.7828,7
96,77,D,N,2.7968,1
415,396,E,G,2.8009,1
420,401,E,*,2.8744,2
469,450,K,E,2.8838,9
231,212,A,S,2.9159,4
218,199,S,*,2.9364,5
19,-1,T,K,3.0617,1
102,83,K,M,3.0699,2
381,362,G,E,3.0784,1
33,14,C,*,3.1086,4
524,505,V,I,3.2178,3
482,463,G,V,3.3150,1
219,200,G,R,3.3312,1
445,426,E,*,3.3412,1
235,216,N,A,3.3472,6
497,478,I,V,3.4403,2
432,413,V,A,3.4567,2
60,41,E,D,3.4714,1
31,12,T,K,3.5189,2
203,184,H,Q,3.5195,3
71,52,C,*,3.5252,1
545,526,L,P,3.5589,2
546,527,L,P,3.5724,1
511,492,R,D,3.6402,1
20,1,Q,R,3.6570,4
531,512,K,R,3.6573,1
492,473,C,Y,3.6615,1
285,266,S,*,3.6735,2
543,524,C,Y,3.7734,3
506,487,D,Y,3.8645,1
461,442,S,*,3.8799,1
510,491,Y,H,3.8926,1
258,239,P,Q,3.9155,1
169,150,R,S,3.9343,2
172,153,W,*,3.9897,1
356,337,G,C,4.0180,2
340,321,R,Q,4.0238,3
16,-4,D,Y,4.0963,1
40,21,P,E,4.2100,1
49,30,T,G,4.2853,1
181,162,P,T,4.3694,1
362,343,W,*,4.3995,2
237,218,G,*,4.4507,6
123,104,D,N,4.4539,1
478,459,A,I,4.5243,2
545,526,L,Q,4.6778,1
155,136,S,G,4.7012,1
39,20,V,L,4.7244,1
402,383,R,L,4.7418,1
133,114,S,F,4.7681,1
274,255,R,M,4.7707,2
440,421,W,C,4.8639,1
47,28,T,I,4.9207,1
334,315,K,I,4.9440,1
149,130,V,I,5.1698,1
529,510,G,*,5.3348,2
227,208,R,*,5.3462,1
433,414,E,G,5.5487,2
548,529,V,L,5.7198,1
308,289,P,L,5.8598,1
17,-3,A,S,6.1045,1
81,62,G,S,6.2713,2
336,317,A,S,6.3082,1
228,209,S,G,6.3929,1
518,499,R,Q,6.4001,1
194,175,D,G,6.4386,1
443,424,N,D,6.4921,1
20,1,Q,P,6.5067,1
54,35,E,*,6.7237,3
525,506,E,G,6.7673,1
525,506,E,A,6.8959,1
547,528,C,Y,7.0175,1
455,436,T,I,7.2325,1
539,520,F,S,7.2438,1
296,277,C,*,7.9791,1
499,480,S,*,8.7666,1
520,501,Q,*,9.7291,1
